,name,jun,url,score,dinner,lunch
0,牛骨らぁ麺マタドール,ラーメン,https://tabelog.com/tokyo/A1324/A132402/13128987/,3.75, 1000 1999, 1000 1999
1,宇豆基野 本店（うずきの）,豆腐料理・湯葉料理,https://tabelog.com/tokyo/A1324/A132402/13135449/,3.71,- -, 3000 3999
2,麺屋 音（オト）,ラーメン,https://tabelog.com/tokyo/A1324/A132402/13161350/,3.69,0 999,0 999
3,つけめん さなだ,つけ麺,https://tabelog.com/tokyo/A1324/A132402/13240344/,3.69, 1000 1999, 1000 1999
4,徳多和良（とくだわら）,立ち飲み居酒屋・バー,https://tabelog.com/tokyo/A1324/A132402/13008682/,3.67, 2000 2999, 4000 4999
5,こばやし,ラーメン,https://tabelog.com/tokyo/A1324/A132402/13138016/,3.66,0 999,0 999
6,バードコート,焼鳥,https://tabelog.com/tokyo/A1324/A132402/13003769/,3.65, 8000 9999,- -
7,かどや,和菓子,https://tabelog.com/tokyo/A1324/A132402/13008735/,3.64,0 999,0 999
8,アダッキオ（AD'ACCHIO）,ピザ,https://tabelog.com/tokyo/A1324/A132402/13177039/,3.63, 4000 4999, 1000 1999
9,北千住煮干中華蕎麦 かれん,ラーメン,https://tabelog.com/tokyo/A1324/A132402/13275300/,3.63, 1000 1999, 1000 1999
10,ル・コントワール・ドゥ・レジオン,フレンチ,https://tabelog.com/tokyo/A1324/A132402/13140917/,3.62, 8000 9999, 40000 49999
11,蕎麦 あららぎ,そば,https://tabelog.com/tokyo/A1324/A132402/13188451/,3.61,- -, 3000 3999
12,ドランブイ（Drambuie）,バー,https://tabelog.com/tokyo/A1324/A132402/13116249/,3.59, 6000 7999,- -
13,菜香餃子房（サイコウギョウザボウ）,餃子,https://tabelog.com/tokyo/A1324/A132402/13158080/,3.58, 3000 3999,- -
14,パイの店　kibusi（きぶし）,スイーツ,https://tabelog.com/tokyo/A1324/A132402/13116815/,3.58,- -,0 999
15,ラーメン炙り（あぶり）,つけ麺,https://tabelog.com/tokyo/A1324/A132402/13124919/,3.57,0 999,0 999
16,ささや 北千住,もつ焼き,https://tabelog.com/tokyo/A1324/A132402/13050832/,3.57, 3000 3999,- -
17,下町割烹とめだて,割烹・小料理,https://tabelog.com/tokyo/A1324/A132402/13186518/,3.57, 6000 7999,- -
18,ここのつ,定食・食堂,https://tabelog.com/tokyo/A1324/A132402/13158606/,3.56, 1000 1999,0 999
19,麺屋 音 別邸（メンヤ オト ベッテイ）,ラーメン,https://tabelog.com/tokyo/A1324/A132402/13196905/,3.56,0 999,0 999
20,市場食堂 さかなや,居酒屋,https://tabelog.com/tokyo/A1324/A132402/13094964/,3.56, 5000 5999, 1000 1999
21,わかば堂,カフェ,https://tabelog.com/tokyo/A1324/A132402/13026497/,3.55, 3000 3999, 1000 1999
22,BOSSA BURGER,ハンバーガー,https://tabelog.com/tokyo/A1324/A132402/13211848/,3.55, 2000 2999, 1000 1999
23,タンブリン カレー&バー（TAMBOURIN CURRY＆BAR）,スリランカ料理,https://tabelog.com/tokyo/A1324/A132402/13184684/,3.54, 2000 2999, 1000 1999
24,是屋,居酒屋,https://tabelog.com/tokyo/A1324/A132402/13141552/,3.54, 4000 4999,- -
25,ジンギスカン らむすけ,ジンギスカン,https://tabelog.com/tokyo/A1324/A132402/13157605/,3.54, 2000 2999,- -
26,ふらんすや（北千住ふらんすや）,パン,https://tabelog.com/tokyo/A1324/A132402/13058023/,3.54,0 999,0 999
27,コーヒーワークショップ・シャンティ（Coffee Work Shop Shanty）,喫茶店,https://tabelog.com/tokyo/A1324/A132402/13087803/,3.54,0 999,0 999
28,闘牛脂（マタドール）,ラーメン,https://tabelog.com/tokyo/A1324/A132402/13158213/,3.54, 1000 1999, 1000 1999
29,DEVIL CURRY（デビルカレー）,カレーライス,https://tabelog.com/tokyo/A1324/A132402/13259111/,3.54, 1000 1999,0 999
30,ささやささ,もつ焼き,https://tabelog.com/tokyo/A1324/A132402/13172182/,3.54, 2000 2999,- -
31,cieloazzurro（シエロ アズッロ）,イタリアン,https://tabelog.com/tokyo/A1324/A132402/13057277/,3.54, 10000 14999,- -
32,サニーダイナー 本店（SUNNY DINER）,ハンバーガー,https://tabelog.com/tokyo/A1324/A132402/13033094/,3.53, 1000 1999, 1000 1999
33,ARK 北千住店（【旧店名】ジェイズカレー）,カレーライス,https://tabelog.com/tokyo/A1324/A132402/13168805/,3.53, 1000 1999, 1000 1999
34,びあマ,ビアバー,https://tabelog.com/tokyo/A1324/A132402/13200541/,3.53, 2000 2999, 1000 1999
35,カーサ カルマ（Casa Calma）,イタリアン,https://tabelog.com/tokyo/A1324/A132402/13041468/,3.53, 10000 14999, 2000 2999
36,焼肉 京城 北千住店（ヤキニクケイジョウ）,焼肉,https://tabelog.com/tokyo/A1324/A132402/13003740/,3.52, 5000 5999,- -
37,五味鳥（ごみとり）,焼鳥,https://tabelog.com/tokyo/A1324/A132402/13064836/,3.52, 3000 3999,- -
38,サニーダイナー ルミネ北千住店（SUNNY DINER）,ハンバーガー,https://tabelog.com/tokyo/A1324/A132402/13094114/,3.51,- -, 1000 1999
39,ニコミヤキッチン デリコッペ（2538kitchen DELIcoupe）,パン,https://tabelog.com/tokyo/A1324/A132402/13214425/,3.51,0 999,0 999
40,さかなや別邸,魚介料理・海鮮料理,https://tabelog.com/tokyo/A1324/A132402/13198593/,3.51, 10000 14999, 5000 5999
41,凛,割烹・小料理,https://tabelog.com/tokyo/A1324/A132402/13164810/,3.51, 5000 5999,- -
42,茶香（チャカ）,パンケーキ,https://tabelog.com/tokyo/A1324/A132402/13255382/,3.5,- -, 2000 2999
43,ライカノ,タイ料理,https://tabelog.com/tokyo/A1324/A132402/13003768/,3.49, 2000 2999,0 999
44,大はし（おおはし）,居酒屋,https://tabelog.com/tokyo/A1324/A132402/13003767/,3.49, 1000 1999, 1000 1999
45,千住の永見（せんじゅのながみ）,居酒屋,https://tabelog.com/tokyo/A1324/A132402/13008737/,3.49, 2000 2999, 2000 2999
46,天七 本店（てんしち）,串揚げ・串かつ,https://tabelog.com/tokyo/A1324/A132402/13008732/,3.49, 1000 1999, 1000 1999
47,東京屋台らーめん 翔竜（しょうりゅう）,ラーメン,https://tabelog.com/tokyo/A1324/A132402/13009796/,3.49,0 999,0 999
48,もつ焼きおとんば 北千住店,居酒屋,https://tabelog.com/tokyo/A1324/A132402/13120374/,3.49, 1000 1999,0 999
49,天婦羅いもや,天ぷら,https://tabelog.com/tokyo/A1324/A132402/13021090/,3.49, 1000 1999, 1000 1999
50,千住宿 珈琲物語（センジュシュクコーヒーモノガタリ）,コーヒー専門店,https://tabelog.com/tokyo/A1324/A132402/13019166/,3.49, 1000 1999,0 999
51,Bistro 2538,ビストロ,https://tabelog.com/tokyo/A1324/A132402/13104744/,3.48, 3000 3999,0 999
52,キッチンフライパン,かつ丼・かつ重,https://tabelog.com/tokyo/A1324/A132402/13077594/,3.48, 1000 1999, 1000 1999
53,フォーハノイ 北千住（PHO HANOI）,ベトナム料理,https://tabelog.com/tokyo/A1324/A132402/13097584/,3.48, 2000 2999, 1000 1999
54,千寿（せんじゅ）,うなぎ,https://tabelog.com/tokyo/A1324/A132402/13012272/,3.48, 5000 5999, 1000 1999
55,ピッツェリア アッローロ（Pizzeria ALLORO）,ピザ,https://tabelog.com/tokyo/A1324/A132402/13177980/,3.48, 2000 2999, 1000 1999
56,酒屋の酒場（さかやのさかば）,居酒屋,https://tabelog.com/tokyo/A1324/A132402/13012264/,3.48, 2000 2999, 2000 2999
57,きそば 柏屋（かしわや）,そば,https://tabelog.com/tokyo/A1324/A132402/13021086/,3.47, 2000 2999, 1000 1999
58,炭火焼ごっつり,居酒屋,https://tabelog.com/tokyo/A1324/A132402/13126906/,3.47, 4000 4999,- -
59,にぎりの一歩,寿司,https://tabelog.com/tokyo/A1324/A132402/13167945/,3.47, 5000 5999,- -
60,藤や,ホルモン,https://tabelog.com/tokyo/A1324/A132402/13056171/,3.47, 1000 1999,0 999
61,天七 分店（てんしち）,串揚げ・串かつ,https://tabelog.com/tokyo/A1324/A132402/13016922/,3.47, 3000 3999, 2000 2999
62,さかづき Brewing（ブルーイング）,ビアバー,https://tabelog.com/tokyo/A1324/A132402/13250996/,3.47, 3000 3999,- -
63,鶴亀飯店（ツルカメハンテン）,中華料理,https://tabelog.com/tokyo/A1324/A132402/13094206/,3.46, 1000 1999,0 999
64,スロー ジェット コーヒー（SLOW JET COFFEE）,コーヒー専門店,https://tabelog.com/tokyo/A1324/A132402/13176053/,3.46,0 999,0 999
65,キッチンエッグス（Kitchen Eggs）,オムライス,https://tabelog.com/tokyo/A1324/A132402/13175409/,3.46, 1000 1999, 1000 1999
66,レストラン三幸,洋食,https://tabelog.com/tokyo/A1324/A132402/13107817/,3.46, 1000 1999,0 999
67,ざわさん,居酒屋,https://tabelog.com/tokyo/A1324/A132402/13182860/,3.46, 1000 1999, 1000 1999
68,千両（せんりょう）,居酒屋,https://tabelog.com/tokyo/A1324/A132402/13023292/,3.46, 3000 3999,- -
69,大衆酒蔵 幸楽,居酒屋,https://tabelog.com/tokyo/A1324/A132402/13025702/,3.45,- -, 1000 1999
70,Cafe＆Diner KHB（【旧店名】ケーエイチ バーガーズ）,ハンバーガー,https://tabelog.com/tokyo/A1324/A132402/13125836/,3.45, 3000 3999, 1000 1999
71,ボケロナ（boquerona）,スペイン料理,https://tabelog.com/tokyo/A1324/A132402/13143279/,3.45, 5000 5999,- -
72,まるかや 本店,もつ焼き,https://tabelog.com/tokyo/A1324/A132402/13049428/,3.45, 2000 2999,- -
73,明日香 北千住店（あすか）,割烹・小料理,https://tabelog.com/tokyo/A1324/A132402/13003772/,3.45, 6000 7999, 2000 2999
74,まじ満（まじま）,うなぎ,https://tabelog.com/tokyo/A1324/A132402/13080973/,3.45, 3000 3999, 1000 1999
75,MOTORA （モトラ）,イタリアン,https://tabelog.com/tokyo/A1324/A132402/13172909/,3.45, 10000 14999, 6000 7999
76,稲荷ずし 松むら 千住店（いなりずし・まつむら）,和食,https://tabelog.com/tokyo/A1324/A132402/13008721/,3.45,- -,0 999
77,肉三昧 石川竜乃介（ニクザンマイ　イシカワリュウノスケ）,焼肉,https://tabelog.com/tokyo/A1324/A132402/13182879/,3.44, 3000 3999, 3000 3999
78,ブラッスリー　ロノマトペ（brasserie l'onomatopee）,フレンチ,https://tabelog.com/tokyo/A1324/A132402/13194974/,3.44, 8000 9999, 1000 1999
79,素揚げ酒場 パリパリ,居酒屋,https://tabelog.com/tokyo/A1324/A132402/13209621/,3.43, 2000 2999,- -
80,もつ焼き つみき 千住本店,居酒屋,https://tabelog.com/tokyo/A1324/A132402/13165992/,3.43, 1000 1999,- -
81,タチアタル,立ち飲み居酒屋・バー,https://tabelog.com/tokyo/A1324/A132402/13246471/,3.43, 2000 2999,- -
82,東北うまいもの酒場 プエドバル（puedobar）,居酒屋,https://tabelog.com/tokyo/A1324/A132402/13181295/,3.43, 4000 4999,0 999
83,あさり食堂,バル・バール,https://tabelog.com/tokyo/A1324/A132402/13161349/,3.42, 4000 4999,0 999
84,酒呑倶楽部  アタル,居酒屋,https://tabelog.com/tokyo/A1324/A132402/13221666/,3.42, 4000 4999,- -
85,さかなや　いいとこ 北千住店,居酒屋,https://tabelog.com/tokyo/A1324/A132402/13137496/,3.42, 4000 4999,0 999
86,石井,焼鳥,https://tabelog.com/tokyo/A1324/A132402/13058650/,3.42, 1000 1999,- -
87,もつ焼き やまぴー,もつ焼き,https://tabelog.com/tokyo/A1324/A132402/13231748/,3.42, 2000 2999,- -
88,炭火焼肉 明翠園,焼肉,https://tabelog.com/tokyo/A1324/A132402/13090054/,3.42, 5000 5999, 1000 1999
89,宇豆基野 北千住マルイ店（ウズキノ）,デリカテッセン,https://tabelog.com/tokyo/A1324/A132402/13185587/,3.42, 1000 1999, 1000 1999
90,葵,居酒屋,https://tabelog.com/tokyo/A1324/A132402/13173737/,3.42, 2000 2999,- -
91,じんざえ門,居酒屋,https://tabelog.com/tokyo/A1324/A132402/13075318/,3.41, 2000 2999, 2000 2999
92,ＮＩＨＩＲＯ,居酒屋,https://tabelog.com/tokyo/A1324/A132402/13067043/,3.41, 3000 3999,- -
93,なつ家,居酒屋,https://tabelog.com/tokyo/A1324/A132402/13025705/,3.41, 4000 4999,- -
94,さかなさま 北千住本店,魚介料理・海鮮料理,https://tabelog.com/tokyo/A1324/A132402/13049328/,3.4, 5000 5999,0 999
95,一歩一歩（いっぽいっぽ）,居酒屋,https://tabelog.com/tokyo/A1324/A132402/13039299/,3.4, 4000 4999,- -
96,イタリアンバル　2538（ニコミヤ）,イタリアン,https://tabelog.com/tokyo/A1324/A132402/13182249/,3.4, 3000 3999, 1000 1999
97,喫茶 蔵（きっさ くら）,カフェ,https://tabelog.com/tokyo/A1324/A132402/13020899/,3.4,- -,0 999
98,洋食堂（ヨウショクドウ）,イタリアン,https://tabelog.com/tokyo/A1324/A132402/13055811/,3.4, 3000 3999, 4000 4999
99,旬菜料理 きわ,居酒屋,https://tabelog.com/tokyo/A1324/A132402/13020791/,3.4, 3000 3999,0 999
100,シチュー屋（しちゅーや）,居酒屋,https://tabelog.com/tokyo/A1324/A132402/13016925/,3.39, 4000 4999,- -
101,惣菜かざま,デリカテッセン,https://tabelog.com/tokyo/A1324/A132402/13109969/,3.39, 1000 1999,0 999
102,はりや総本店（はりや そうほんてん）,居酒屋,https://tabelog.com/tokyo/A1324/A132402/13034872/,3.39, 3000 3999,- -
103,ハノイハノイ（HANOI&HANOI）,ベトナム料理,https://tabelog.com/tokyo/A1324/A132402/13090179/,3.39, 3000 3999, 2000 2999
104,タピルージュ（tapis rouge）,フレンチ,https://tabelog.com/tokyo/A1324/A132402/13032431/,3.39, 6000 7999, 2000 2999
105,マメココロ,コーヒー専門店,https://tabelog.com/tokyo/A1324/A132402/13186985/,3.39,- -,0 999
106,ビストロウエハラ,フレンチ,https://tabelog.com/tokyo/A1324/A132402/13214415/,3.39, 6000 7999, 2000 2999
107,泊舟（はくしゅう）,懐石・会席料理,https://tabelog.com/tokyo/A1324/A132402/13009128/,3.39, 4000 4999, 2000 2999
108,千住ホルモン（センジュホルモン）,ホルモン,https://tabelog.com/tokyo/A1324/A132402/13043071/,3.38, 2000 2999,- -
109,オステリア ヨシ（osteria YOSHI）,イタリアン,https://tabelog.com/tokyo/A1324/A132402/13100650/,3.38, 3000 3999, 1000 1999
110,ごっつり,居酒屋,https://tabelog.com/tokyo/A1324/A132402/13091937/,3.38, 2000 2999, 1000 1999
111,北千住　おすしやさんの家　たなか,寿司,https://tabelog.com/tokyo/A1324/A132402/13110207/,3.38, 5000 5999, 6000 7999
112,魚料理 星丸くん,居酒屋,https://tabelog.com/tokyo/A1324/A132402/13049444/,3.38,- -, 1000 1999
113,日本酒宿七色,居酒屋,https://tabelog.com/tokyo/A1324/A132402/13119545/,3.38, 6000 7999,0 999
114,九龍酒樓（カオルンシュロウ ）,中華料理,https://tabelog.com/tokyo/A1324/A132402/13092004/,3.38, 3000 3999, 3000 3999
115,東池袋大勝軒 ○高屋（まるたかや）,ラーメン,https://tabelog.com/tokyo/A1324/A132402/13090584/,3.37,0 999,0 999
116,柳麺マタドール,ラーメン,https://tabelog.com/tokyo/A1324/A132402/13273482/,3.37, 1000 1999, 1000 1999
117,ビストロタケ（BISTRO TAKE）,ビストロ,https://tabelog.com/tokyo/A1324/A132402/13167502/,3.37,- -, 1000 1999
118,一初（いちはつ）,沖縄料理,https://tabelog.com/tokyo/A1324/A132402/13009070/,3.37, 3000 3999,0 999
119,ひむろ 北千住店,ラーメン,https://tabelog.com/tokyo/A1324/A132402/13157724/,3.36,0 999,0 999
120,てまえの一歩,居酒屋,https://tabelog.com/tokyo/A1324/A132402/13138517/,3.36, 4000 4999,- -
121,吉田パン ルミネ北千住店,パン,https://tabelog.com/tokyo/A1324/A132402/13228924/,3.36,- -,0 999
122,きく鮨,寿司,https://tabelog.com/tokyo/A1324/A132402/13195690/,3.36, 5000 5999, 1000 1999
123,民芸茶屋 佐留丹（みんげいちゃや さるたん）,居酒屋,https://tabelog.com/tokyo/A1324/A132402/13034464/,3.36, 3000 3999,- -
124,大国ホルモン 北千住駅東口店,ホルモン,https://tabelog.com/tokyo/A1324/A132402/13118040/,3.36, 2000 2999,- -
125,やっちゃbar,ビストロ,https://tabelog.com/tokyo/A1324/A132402/13157412/,3.36, 3000 3999,- -
126,ドンレミーアウトレット 北千住店（Domremy Outlet）,カフェ・喫茶,https://tabelog.com/tokyo/A1324/A132402/13060556/,3.35,0 999,0 999
127,コウゲツsince1978（宏月）,お好み焼き,https://tabelog.com/tokyo/A1324/A132402/13032952/,3.35, 2000 2999,- -
128,ナラン,インド料理,https://tabelog.com/tokyo/A1324/A132402/13059785/,3.35, 2000 2999,0 999
129,ここのつ 2号店,定食・食堂,https://tabelog.com/tokyo/A1324/A132402/13257354/,3.35, 2000 2999,0 999
130,千住 しげ,寿司,https://tabelog.com/tokyo/A1324/A132402/13234222/,3.35, 15000 19999,- -
131,虎や（とらや）,居酒屋,https://tabelog.com/tokyo/A1324/A132402/13008685/,3.35, 2000 2999,- -
132,山形牛一頭買いITAMAE焼肉 美美,焼肉,https://tabelog.com/tokyo/A1324/A132402/13175136/,3.34, 4000 4999,- -
133,貝と魚と炉ばたのバンビ,居酒屋,https://tabelog.com/tokyo/A1324/A132402/13198125/,3.34, 3000 3999,- -
134,熊本牧場直営 岩部商店,居酒屋,https://tabelog.com/tokyo/A1324/A132402/13233654/,3.34, 3000 3999,- -
135,歩きはじめ,おでん,https://tabelog.com/tokyo/A1324/A132402/13199174/,3.34, 4000 4999,- -
136,萌蔵,割烹・小料理,https://tabelog.com/tokyo/A1324/A132402/13077318/,3.34, 5000 5999,- -
137,アガリコ 1/3 オリエンタルビストロ 北千住店,タイ料理,https://tabelog.com/tokyo/A1324/A132402/13138698/,3.34, 2000 2999,- -
138,ボケロン（boqueron）,バル・バール,https://tabelog.com/tokyo/A1324/A132402/13113193/,3.34, 4000 4999,- -
139,呑肴処　きたせん楓（楓）,居酒屋,https://tabelog.com/tokyo/A1324/A132402/13123502/,3.34, 6000 7999,- -
140,ビストロ オオカミ,ビストロ,https://tabelog.com/tokyo/A1324/A132402/13132054/,3.33, 4000 4999, 1000 1999
141,炭火野菜巻串と焼売 博多うずまき 北千住店,居酒屋,https://tabelog.com/tokyo/A1324/A132402/13253181/,3.33, 3000 3999,- -
142,牡蠣と燻屋 かつを,居酒屋,https://tabelog.com/tokyo/A1324/A132402/13214285/,3.33, 3000 3999,- -
143,北千住ひつじ肉の店OZ,その他肉料理,https://tabelog.com/tokyo/A1324/A132402/13223477/,3.33, 5000 5999,- -
144,ミバショウ 北千住マルイ店,ジュースバー,https://tabelog.com/tokyo/A1324/A132402/13227000/,3.33,0 999,0 999
145,Cabana（カバナ）,スペイン料理,https://tabelog.com/tokyo/A1324/A132402/13238637/,3.33, 4000 4999,- -
146,たから家,和菓子,https://tabelog.com/tokyo/A1324/A132402/13122291/,3.33,0 999,0 999
147,トラットリアエン 北千住 （trattoria en）,イタリアン,https://tabelog.com/tokyo/A1324/A132402/13190208/,3.33, 2000 2999,0 999
148,八重寿（やえす）,居酒屋,https://tabelog.com/tokyo/A1324/A132402/13033982/,3.33, 3000 3999,- -
149,八文字,居酒屋,https://tabelog.com/tokyo/A1324/A132402/13264478/,3.33, 2000 2999,- -
150,五月家,割烹・小料理,https://tabelog.com/tokyo/A1324/A132402/13081813/,3.33, 6000 7999, 1000 1999
151,雑賀 北千住駅前店（サイカ）,焼鳥,https://tabelog.com/tokyo/A1324/A132402/13119632/,3.32, 3000 3999,- -
152,チャイヤイ（CHAI YAI）,タイ料理,https://tabelog.com/tokyo/A1324/A132402/13008716/,3.32, 3000 3999,0 999
153,えびかに家,居酒屋,https://tabelog.com/tokyo/A1324/A132402/13116907/,3.32, 3000 3999,- -
154,千住葡萄酒（せんじゅぶどうしゅ）,バル・バール,https://tabelog.com/tokyo/A1324/A132402/13174001/,3.32, 10000 14999,- -
155,やなぎ家（そば処　柳家）,そば,https://tabelog.com/tokyo/A1324/A132402/13097000/,3.32, 2000 2999, 1000 1999
156,ラーメン鷹の目 北千住店,ラーメン,https://tabelog.com/tokyo/A1324/A132402/13267069/,3.31,0 999, 1000 1999
157,久助,焼鳥,https://tabelog.com/tokyo/A1324/A132402/13075091/,3.31, 2000 2999,- -
158,武蔵家 北千住西口店,ラーメン,https://tabelog.com/tokyo/A1324/A132402/13241684/,3.31,0 999,0 999
159,肉酒場ビストロ 男前 北千住店,ビストロ,https://tabelog.com/tokyo/A1324/A132402/13204023/,3.31, 3000 3999, 1000 1999
160,美富士,中華料理,https://tabelog.com/tokyo/A1324/A132402/13062936/,3.31,- -,0 999
161,Italian Dining Vittoria 北千住店（イタリアン ダイニング ヴィットリア）,イタリアン,https://tabelog.com/tokyo/A1324/A132402/13051546/,3.31, 3000 3999, 1000 1999
162,うるま島ターチ（ウルマジマターチ）,沖縄料理,https://tabelog.com/tokyo/A1324/A132402/13143598/,3.31, 3000 3999,0 999
163,かいだんのうえ,寿司,https://tabelog.com/tokyo/A1324/A132402/13234917/,3.31, 5000 5999,- -
164,マルイシ増英（まるいし・ますえい）,おでん,https://tabelog.com/tokyo/A1324/A132402/13008720/,3.31, 2000 2999,0 999
165,オステリア ルーチェ（osteria luce）,イタリアン,https://tabelog.com/tokyo/A1324/A132402/13057743/,3.31, 8000 9999, 4000 4999
166,嘉禾屋 ルミネ北千住店,うどん,https://tabelog.com/tokyo/A1324/A132402/13093616/,3.3, 1000 1999, 1000 1999
167,北千住　とんとん（【旧店名】韓国家庭料理　明洞）,韓国料理,https://tabelog.com/tokyo/A1324/A132402/13141644/,3.3, 2000 2999,0 999
168,Asu a VIVANT（Asu  VIVANT/アス ア ヴィヴァン）,ビストロ,https://tabelog.com/tokyo/A1324/A132402/13244577/,3.3, 4000 4999, 2000 2999
169,千住メンチ館,居酒屋,https://tabelog.com/tokyo/A1324/A132402/13251841/,3.3, 2000 2999,- -
170,"移転
旬味 菜野",居酒屋,https://tabelog.com/tokyo/A1324/A132402/13120084/,3.3, 5000 5999,- -
171,いのこ菓子店,洋菓子,https://tabelog.com/tokyo/A1324/A132402/13160065/,3.3,- -, 2000 2999
172,カジュラボ（CAJYULABO）,ダイニングバー,https://tabelog.com/tokyo/A1324/A132402/13250009/,3.3, 3000 3999,- -
173,モアナ,居酒屋,https://tabelog.com/tokyo/A1324/A132402/13019751/,3.3, 4000 4999,- -
174,気分はお肉 北千住店,焼肉,https://tabelog.com/tokyo/A1324/A132402/13269667/,3.3, 3000 3999, 1000 1999
175,横浜ラーメン　武蔵家 北千住店,ラーメン,https://tabelog.com/tokyo/A1324/A132402/13144962/,3.29,0 999,0 999
176,北海道らーめん みそ熊 北千住店,ラーメン,https://tabelog.com/tokyo/A1324/A132402/13225298/,3.29,0 999,0 999
177,エスディコーヒー 北千住（Sd Coffee）,カフェ,https://tabelog.com/tokyo/A1324/A132402/13210884/,3.29, 2000 2999, 1000 1999
178,カレーバー・ガク（CURRYBARGAKU）,カレーライス,https://tabelog.com/tokyo/A1324/A132402/13008680/,3.29,- -, 1000 1999
179,asian bistro 桜 北千住,居酒屋,https://tabelog.com/tokyo/A1324/A132402/13091420/,3.29, 1000 1999,0 999
180,だんごの美好 北千住店,和菓子,https://tabelog.com/tokyo/A1324/A132402/13122287/,3.29,- -,0 999
181,葛飾 伊勢屋 北千住店,和菓子,https://tabelog.com/tokyo/A1324/A132402/13118184/,3.29,0 999,0 999
182,焼肉本舗ぴゅあ 北千住マルイ店,焼肉,https://tabelog.com/tokyo/A1324/A132402/13195891/,3.29, 4000 4999, 1000 1999
183,もうひとつの家 一歩一歩,居酒屋,https://tabelog.com/tokyo/A1324/A132402/13112035/,3.29, 4000 4999,- -
184,ブーゲンビリア 北千住店（Bougainvillea）,インド料理,https://tabelog.com/tokyo/A1324/A132402/13234151/,3.29,- -,0 999
185,ロティ 千住（ＲＯＴＩ）,ダイニングバー,https://tabelog.com/tokyo/A1324/A132402/13150630/,3.29, 2000 2999,- -
186,和bistro2538（ワビストロニコミヤ）,ビストロ,https://tabelog.com/tokyo/A1324/A132402/13045841/,3.29, 3000 3999, 2000 2999
187,きね鮨,寿司,https://tabelog.com/tokyo/A1324/A132402/13037222/,3.29, 5000 5999, 5000 5999
188,カフェ 寛味堂（【旧店名】カフェ 寛美堂）,カフェ,https://tabelog.com/tokyo/A1324/A132402/13226868/,3.28, 3000 3999, 1000 1999
189,がぶ飲みワインと肉 千住MEAT（センジュミート）,バル・バール,https://tabelog.com/tokyo/A1324/A132402/13199703/,3.28, 3000 3999,- -
190,炭火煎珈琲 利休（りきゅう）,コーヒー専門店,https://tabelog.com/tokyo/A1324/A132402/13021080/,3.28,0 999,0 999
191,千寿そば酒場 ツルツルカメカメ,ラーメン,https://tabelog.com/tokyo/A1324/A132402/13251330/,3.28, 4000 4999,0 999
192,もつ焼 つみき 櫓 千住店,もつ焼き,https://tabelog.com/tokyo/A1324/A132402/13235052/,3.28, 2000 2999, 1000 1999
193,そば処 JR北千住駅2・3番線ホーム店,立ち食いそば,https://tabelog.com/tokyo/A1324/A132402/13120806/,3.27,0 999,0 999
194,そば処 JR北千住駅1番線ホーム店,そば・うどん・麺類,https://tabelog.com/tokyo/A1324/A132402/13149158/,3.27,0 999,0 999
195,炙りや あんどん,居酒屋,https://tabelog.com/tokyo/A1324/A132402/13139093/,3.27, 4000 4999, 1000 1999
196,秋田料理 まさき（あきたりょうりまさき）,居酒屋,https://tabelog.com/tokyo/A1324/A132402/13019195/,3.27, 3000 3999,0 999
197,魚屋ツキアタリミギ,和食,https://tabelog.com/tokyo/A1324/A132402/13221353/,3.27, 3000 3999,- -
198,かほりや,和食,https://tabelog.com/tokyo/A1324/A132402/13091539/,3.27, 2000 2999,- -
199,和食 板垣,和食,https://tabelog.com/tokyo/A1324/A132402/13252485/,3.27, 10000 14999, 3000 3999
200,ベッラベーラ 北千住店（BellaBella!）,イタリアン,https://tabelog.com/tokyo/A1324/A132402/13021083/,3.26, 2000 2999,0 999
201,50えん焼とりきんちゃん家 北千住店,焼鳥,https://tabelog.com/tokyo/A1324/A132402/13098977/,3.26, 2000 2999,- -
202,わさび,居酒屋,https://tabelog.com/tokyo/A1324/A132402/13012262/,3.26, 4000 4999,- -
203,暁雲亭（ギョウウンテイ）,飲茶・点心,https://tabelog.com/tokyo/A1324/A132402/13204100/,3.26, 2000 2999, 1000 1999
204,ザ・ステーショングリル ルミネ北千住店,洋食,https://tabelog.com/tokyo/A1324/A132402/13155913/,3.26, 2000 2999, 1000 1999
205,恵比寿かつ彩 ルミネ北千住店,カレーライス,https://tabelog.com/tokyo/A1324/A132402/13093618/,3.26, 3000 3999, 1000 1999
206,信州蕎麦 蓼科庵 北千住マルイ店（シンシュウソバ タテシナアン）,そば,https://tabelog.com/tokyo/A1324/A132402/13204061/,3.26, 2000 2999, 1000 1999
207,LAU LAU LAMB（ラウラウラム）,カフェ,https://tabelog.com/tokyo/A1324/A132402/13223158/,3.26, 1000 1999,0 999
208,イタリアンバルパステル 北千住店,イタリアン,https://tabelog.com/tokyo/A1324/A132402/13200354/,3.26, 2000 2999, 1000 1999
209,花笠（はながさ）,居酒屋,https://tabelog.com/tokyo/A1324/A132402/13037108/,3.26, 2000 2999, 2000 2999
210,勝めし屋（カツメシヤ）,定食・食堂,https://tabelog.com/tokyo/A1324/A132402/13220013/,3.26,0 999,0 999
211,だいにんぐ ZaPot（ダイニングザポット）,居酒屋,https://tabelog.com/tokyo/A1324/A132402/13008729/,3.25, 3000 3999,- -
212,良記餃子軒,餃子,https://tabelog.com/tokyo/A1324/A132402/13250590/,3.25, 1000 1999, 1000 1999
213,オカン焼肉 紅ちゃん 西口店,焼肉,https://tabelog.com/tokyo/A1324/A132402/13166726/,3.25, 3000 3999, 1000 1999
214,つつみの一歩,居酒屋,https://tabelog.com/tokyo/A1324/A132402/13203099/,3.25, 4000 4999,- -
215,やきとんうまいもん横丁 まるたか 北千住店,居酒屋,https://tabelog.com/tokyo/A1324/A132402/13169649/,3.25, 2000 2999, 2000 2999
216,海の家,魚介料理・海鮮料理,https://tabelog.com/tokyo/A1324/A132402/13169849/,3.25, 3000 3999,0 999
217,つるまき,パン,https://tabelog.com/tokyo/A1324/A132402/13122230/,3.25,- -,0 999
218,ひので家,和菓子,https://tabelog.com/tokyo/A1324/A132402/13104634/,3.25,- -,0 999
219,チキン・ディッシュ 北千住店,焼鳥,https://tabelog.com/tokyo/A1324/A132402/13144706/,3.25,0 999, 1000 1999
220,餃子のラスベガス 北千住店（LAS VEGAS）,居酒屋,https://tabelog.com/tokyo/A1324/A132402/13268290/,3.24, 3000 3999,- -
221,REGALO（レガーロ）,イタリアン,https://tabelog.com/tokyo/A1324/A132402/13206843/,3.24, 3000 3999, 1000 1999
222,鳥しげ,居酒屋,https://tabelog.com/tokyo/A1324/A132402/13061205/,3.24, 2000 2999,- -
223,BUoY cafe（ブイカフェ）,カフェ,https://tabelog.com/tokyo/A1324/A132402/13216556/,3.24,- -,0 999
224,エベレスト ダイニング＆バー（Everest Dining & Bar）,インド料理,https://tabelog.com/tokyo/A1324/A132402/13195991/,3.24, 2000 2999, 1000 1999
225,千住 餃子太郎 酒場,餃子,https://tabelog.com/tokyo/A1324/A132402/13194321/,3.24, 2000 2999, 1000 1999
226,焼肉 旦火 北千住店（タンカ）,焼肉,https://tabelog.com/tokyo/A1324/A132402/13029873/,3.24, 3000 3999,- -
227,ASIAN BISTRO REW-EN（アジアンビストロ リュウエン）,居酒屋,https://tabelog.com/tokyo/A1324/A132402/13205958/,3.24, 3000 3999,0 999
228,築地 奈可嶋 EQUiA北千住店,弁当,https://tabelog.com/tokyo/A1324/A132402/13154450/,3.24,0 999,- -
229,シャンハイデリ 北千住マルイ店（Shang-hai DELI）,デリカテッセン,https://tabelog.com/tokyo/A1324/A132402/13170323/,3.24, 1000 1999,0 999
230,アーチバー（Arch Bar）,バー,https://tabelog.com/tokyo/A1324/A132402/13098225/,3.24, 3000 3999,- -
231,小諸そば 北千住店,立ち食いそば,https://tabelog.com/tokyo/A1324/A132402/13128547/,3.23,0 999,0 999
232,アガリコ餃子楼 皮から手打ち餃子＆オリエンタルタパス 北千住,餃子,https://tabelog.com/tokyo/A1324/A132402/13168581/,3.23, 2000 2999,- -
233,BEONE 北千住店（ビーワン）,イタリアン,https://tabelog.com/tokyo/A1324/A132402/13195219/,3.23, 3000 3999, 1000 1999
234,まるせん,焼鳥,https://tabelog.com/tokyo/A1324/A132402/13159314/,3.23, 1000 1999, 1000 1999
235,Z BURGER&クラフトビールタップ EQUiA北千住店,ハンバーガー,https://tabelog.com/tokyo/A1324/A132402/13256628/,3.23, 1000 1999,0 999
236,ミサキベーカリー,パン,https://tabelog.com/tokyo/A1324/A132402/13008739/,3.23,0 999,0 999
237,ピーくんカフェ 北千住店,カフェ,https://tabelog.com/tokyo/A1324/A132402/13215821/,3.23, 1000 1999,0 999
238,いぶし 燻,居酒屋,https://tabelog.com/tokyo/A1324/A132402/13230265/,3.23, 2000 2999,- -
239,居酒屋 北千両（いざかや きたせんりょう）,居酒屋,https://tabelog.com/tokyo/A1324/A132402/13036848/,3.23, 2000 2999,- -
240,かき沼千住 nomiyoko,日本酒バー,https://tabelog.com/tokyo/A1324/A132402/13265398/,3.23, 1000 1999,- -
241,名代 富士そば 北千住店,そば,https://tabelog.com/tokyo/A1324/A132402/13100349/,3.22,0 999,0 999
242,サカナバル コラーレ,居酒屋,https://tabelog.com/tokyo/A1324/A132402/13194641/,3.22, 3000 3999,- -
243,鳥菊,居酒屋,https://tabelog.com/tokyo/A1324/A132402/13157953/,3.22, 2000 2999,- -
244,生つくね　元屋 北千住店（ゲンヤ）,鳥料理,https://tabelog.com/tokyo/A1324/A132402/13009795/,3.22, 2000 2999,- -
245,メープルスタンド バイ ザ メープルマニア ルミネ北千住店（MAPLE STAND by The MAPLE MANIA）,洋菓子,https://tabelog.com/tokyo/A1324/A132402/13228326/,3.22,0 999,0 999
246,嵯峨野 北千住西口店（さがの）,お好み焼き,https://tabelog.com/tokyo/A1324/A132402/13032979/,3.22, 2000 2999, 1000 1999
247,ヒゲタコス,バル・バール,https://tabelog.com/tokyo/A1324/A132402/13232608/,3.22, 2000 2999,0 999
248,森栄,居酒屋,https://tabelog.com/tokyo/A1324/A132402/13223657/,3.22,0 999, 1000 1999
249,タイ屋台酒場 カオヤイ,タイ料理,https://tabelog.com/tokyo/A1324/A132402/13253365/,3.21, 3000 3999,0 999
250,ジャンソーアタル（雀荘當）,居酒屋,https://tabelog.com/tokyo/A1324/A132402/13267349/,3.21, 4000 4999,- -
251,幸楽,中華料理,https://tabelog.com/tokyo/A1324/A132402/13062984/,3.21,0 999,- -
252,英鮨 北千住店,寿司,https://tabelog.com/tokyo/A1324/A132402/13089722/,3.2, 3000 3999, 1000 1999
253,食彩Kikumizu（キクミズ）,和食,https://tabelog.com/tokyo/A1324/A132402/13203509/,3.2, 3000 3999, 1000 1999
254,くに宏,焼鳥,https://tabelog.com/tokyo/A1324/A132402/13143277/,3.2, 3000 3999,- -
255,LA CULIYA（ラ クリヤ）,カリフォルニア料理,https://tabelog.com/tokyo/A1324/A132402/13211856/,3.2, 6000 7999, 2000 2999
256,豚とん拍子,居酒屋,https://tabelog.com/tokyo/A1324/A132402/13211228/,3.2, 2000 2999,- -
257,あんばい,居酒屋,https://tabelog.com/tokyo/A1324/A132402/13182360/,3.2, 2000 2999,- -
258,パン工房 かわぐち,パン,https://tabelog.com/tokyo/A1324/A132402/13131240/,3.2,- -,0 999
259,トキワヤ,コロッケ・フライ,https://tabelog.com/tokyo/A1324/A132402/13174024/,3.2,- -,0 999
260,雄武（オウム）,焼鳥,https://tabelog.com/tokyo/A1324/A132402/13139556/,3.2, 2000 2999,- -
261,豊華,中華料理,https://tabelog.com/tokyo/A1324/A132402/13062945/,3.2, 3000 3999,0 999
262,レイトリー（LATELY）,バー,https://tabelog.com/tokyo/A1324/A132402/13012266/,3.2, 2000 2999,- -
263,宗庵 北千住店,ラーメン,https://tabelog.com/tokyo/A1324/A132402/13045636/,3.19,0 999,0 999
264,宇奈とと 北千住店,うなぎ,https://tabelog.com/tokyo/A1324/A132402/13126489/,3.19, 1000 1999,0 999
265,天丼てんや エキア北千住店,天丼・天重,https://tabelog.com/tokyo/A1324/A132402/13120236/,3.19, 1000 1999,0 999
266,へちもん,居酒屋,https://tabelog.com/tokyo/A1324/A132402/13033782/,3.19, 3000 3999,- -
267,食堂 イヌワシ,中華料理,https://tabelog.com/tokyo/A1324/A132402/13231500/,3.19, 3000 3999,- -
268,食堂お魚や 北千住店,魚介料理・海鮮料理,https://tabelog.com/tokyo/A1324/A132402/13252275/,3.19, 2000 2999,0 999
269,オカン焼肉 紅ちゃん 本店,焼肉,https://tabelog.com/tokyo/A1324/A132402/13134463/,3.19, 2000 2999, 2000 2999
270,御縁屋はし村,居酒屋,https://tabelog.com/tokyo/A1324/A132402/13263989/,3.19, 3000 3999,- -
271,スザ ビストロ（SUZA bistro）,ビストロ,https://tabelog.com/tokyo/A1324/A132402/13259952/,3.19, 3000 3999, 1000 1999
272,マイウェイ,喫茶店,https://tabelog.com/tokyo/A1324/A132402/13088677/,3.19,0 999,0 999
273,和歌藤,和菓子,https://tabelog.com/tokyo/A1324/A132402/13137546/,3.19,- -,0 999
274,山与し鮨,寿司,https://tabelog.com/tokyo/A1324/A132402/13106243/,3.18, 5000 5999,- -
275,まんまる,焼きとん,https://tabelog.com/tokyo/A1324/A132402/13131156/,3.18, 1000 1999,- -
276,はる季,居酒屋,https://tabelog.com/tokyo/A1324/A132402/13174929/,3.18, 3000 3999,- -
277,新宿中村屋 北千住マルイ店,和菓子,https://tabelog.com/tokyo/A1324/A132402/13168233/,3.18, 3000 3999, 1000 1999
278,萬寿苑,焼肉,https://tabelog.com/tokyo/A1324/A132402/13066805/,3.18, 6000 7999, 1000 1999
279,北海道らーめん奥原流 久楽 北千住店,ラーメン,https://tabelog.com/tokyo/A1324/A132402/13120847/,3.17,0 999,0 999
280,BAKE CHEESE TART EQUiA北千住店,洋菓子,https://tabelog.com/tokyo/A1324/A132402/13195312/,3.17,0 999,0 999
281,肉汁餃子のダンダダン 北千住店,餃子,https://tabelog.com/tokyo/A1324/A132402/13204555/,3.17, 2000 2999,0 999
282,TSUJI（辻）,かき氷,https://tabelog.com/tokyo/A1324/A132402/13255453/,3.17,0 999,0 999
283,松の屋,焼肉,https://tabelog.com/tokyo/A1324/A132402/13066806/,3.17, 6000 7999, 1000 1999
284,まるいち青果,サンドイッチ,https://tabelog.com/tokyo/A1324/A132402/13256035/,3.17,- -,0 999
285,最強フルーツサンド 八百Q,サンドイッチ,https://tabelog.com/tokyo/A1324/A132402/13261726/,3.17,0 999,0 999
286,柿安 精肉 北千住マルイ精肉店,デリカテッセン,https://tabelog.com/tokyo/A1324/A132402/13177372/,3.17,0 999,0 999
287,牛カツ京都勝牛 エキア北千住店,牛カツ,https://tabelog.com/tokyo/A1324/A132402/13207201/,3.16, 1000 1999, 1000 1999
288,大江戸 北千住店,回転寿司,https://tabelog.com/tokyo/A1324/A132402/13111311/,3.16, 2000 2999, 1000 1999
289,La ZAPPA,イタリアン,https://tabelog.com/tokyo/A1324/A132402/13201641/,3.16, 4000 4999, 1000 1999
290,HANAMOEGI 北千住マルイ店,ハンバーグ,https://tabelog.com/tokyo/A1324/A132402/13250447/,3.16, 4000 4999, 1000 1999
291,河の家,その他,https://tabelog.com/tokyo/A1324/A132402/13246493/,3.16,0 999,0 999
292,スタンド 豚とん,焼きとん,https://tabelog.com/tokyo/A1324/A132402/13232953/,3.16, 2000 2999,- -
293,マルゲリータハウス,ピザ,https://tabelog.com/tokyo/A1324/A132402/13216904/,3.16, 2000 2999,- -
294,紀ノ国屋 アントレ 東武北千住駅店,その他,https://tabelog.com/tokyo/A1324/A132402/13215235/,3.16,0 999, 1000 1999
295,成城石井 ルミネ北千住店（SEIJOISHII）,その他,https://tabelog.com/tokyo/A1324/A132402/13154536/,3.16, 2000 2999, 2000 2999
296,酒楽ラ,居酒屋,https://tabelog.com/tokyo/A1324/A132402/13204086/,3.16, 3000 3999,- -
297,イクチャム（iccham）,ベトナム料理,https://tabelog.com/tokyo/A1324/A132402/13219045/,3.16, 3000 3999, 1000 1999
298,元祿堂 北千住マルイ店,パン,https://tabelog.com/tokyo/A1324/A132402/13213985/,3.16,0 999,0 999
299,加藤煎豆店（カトウイリマメテン）,和菓子,https://tabelog.com/tokyo/A1324/A132402/13008722/,3.16,- -,0 999
300,ア・ラ・カンパーニュ 北千住店（a la campagne）,カフェ,https://tabelog.com/tokyo/A1324/A132402/13021006/,3.15,- -, 1000 1999
301,クリスピー・クリーム・ドーナツ   北千住ルミネ店,ドーナツ,https://tabelog.com/tokyo/A1324/A132402/13125435/,3.15,0 999,0 999
302,紅虎餃子房 ルミネ北千住店（べにとらぎょうざぼう）,中華料理,https://tabelog.com/tokyo/A1324/A132402/13025758/,3.15, 2000 2999,0 999
303,個室地鶏酒場 御蔵 北千住店,居酒屋,https://tabelog.com/tokyo/A1324/A132402/13224450/,3.15, 3000 3999, 3000 3999
304,みはし ルミネ北千住店,甘味処,https://tabelog.com/tokyo/A1324/A132402/13060244/,3.15,- -, 1000 1999
305,名月,もんじゃ焼き,https://tabelog.com/tokyo/A1324/A132402/13038332/,3.15, 4000 4999,- -
306,千寿籠太（せんじゅかごた）,居酒屋,https://tabelog.com/tokyo/A1324/A132402/13033980/,3.15, 3000 3999,- -
307,ひゃん,韓国料理,https://tabelog.com/tokyo/A1324/A132402/13101378/,3.15, 2000 2999,- -
308,肉玉そば おとど 北千住店,ラーメン,https://tabelog.com/tokyo/A1324/A132402/13262062/,3.15,0 999,0 999
309,呑酒場 ウル虎 北千住店,居酒屋,https://tabelog.com/tokyo/A1324/A132402/13262807/,3.15, 4000 4999,- -
310,炭火焼肉 ひばち 北千住店,焼肉,https://tabelog.com/tokyo/A1324/A132402/13090102/,3.15, 4000 4999,- -
311,三代目　茂蔵豆富　 北千住直売所（茂蔵　北千住直売所）,その他,https://tabelog.com/tokyo/A1324/A132402/13122210/,3.15,0 999,- -
312,ひよこ クレープ＆ガレット（crepe&galette）,クレープ,https://tabelog.com/tokyo/A1324/A132402/13250964/,3.15,0 999,0 999
313,ロッソビアンコ,バイキング,https://tabelog.com/tokyo/A1324/A132402/13081250/,3.15, 3000 3999,- -
314,カフェダイニング シーノー（Cafe Dining SI/NO）,カフェ,https://tabelog.com/tokyo/A1324/A132402/13229625/,3.15, 2000 2999, 1000 1999
315,発酵バター専門店 HANERU EQUiA北千住店（ハネル）,洋菓子,https://tabelog.com/tokyo/A1324/A132402/13263493/,3.15,0 999,0 999
316,むさしや,その他,https://tabelog.com/tokyo/A1324/A132402/13123247/,3.15,- -,0 999
317,鮨・酒・肴 杉玉 北千住,寿司,https://tabelog.com/tokyo/A1324/A132402/13269181/,3.15, 2000 2999, 1000 1999
318,ケーキショップ リラ（cake shop Lilas）,ケーキ,https://tabelog.com/tokyo/A1324/A132402/13228824/,3.15,0 999,0 999
319,花くま,割烹・小料理,https://tabelog.com/tokyo/A1324/A132402/13081455/,3.15, 2000 2999,- -
320,文（あや）,居酒屋,https://tabelog.com/tokyo/A1324/A132402/13099354/,3.15, 2000 2999,0 999
321,笑店,居酒屋,https://tabelog.com/tokyo/A1324/A132402/13105349/,3.15, 2000 2999,- -
322,つけ蕎麦 すみ,そば,https://tabelog.com/tokyo/A1324/A132402/13271555/,3.15, 2000 2999,0 999
323,おぼんdeごはん ルミネ北千住店（オボンデゴハン）,定食・食堂,https://tabelog.com/tokyo/A1324/A132402/13093622/,3.14, 1000 1999, 1000 1999
324,カルディコーヒーファーム 北千住店（KALDI COFFEE FIRM）,その他,https://tabelog.com/tokyo/A1324/A132402/13135547/,3.14,- -, 2000 2999
325,ホテル ココ・グラン北千住,その他,https://tabelog.com/tokyo/A1324/A132402/13126205/,3.14, 6000 7999, 1000 1999
326,かき小屋 五郎,魚介料理・海鮮料理,https://tabelog.com/tokyo/A1324/A132402/13192945/,3.14, 3000 3999,- -
327,アシビナー ネリヤカナヤ,ダイニングバー,https://tabelog.com/tokyo/A1324/A132402/13140648/,3.14, 2000 2999,- -
328,融合 ルミネ北千住店,デリカテッセン,https://tabelog.com/tokyo/A1324/A132402/13162515/,3.14,0 999,- -
329,北千住肉寿司,居酒屋,https://tabelog.com/tokyo/A1324/A132402/13233718/,3.13, 3000 3999, 1000 1999
330,コバ・ガーデン（Kova Garden）,カフェ,https://tabelog.com/tokyo/A1324/A132402/13020903/,3.13,- -,0 999
331,バオバブ（BAOBAB）,バル・バール,https://tabelog.com/tokyo/A1324/A132402/13036365/,3.13, 4000 4999,0 999
332,BAZIO（バジオ）,ハヤシライス,https://tabelog.com/tokyo/A1324/A132402/13208171/,3.13, 1000 1999,- -
333,魚の力安,居酒屋,https://tabelog.com/tokyo/A1324/A132402/13152835/,3.13,0 999,- -
334,ナナズ グリーン ティー ルミネ北千住店（nana’s green tea）,カフェ,https://tabelog.com/tokyo/A1324/A132402/13093619/,3.12, 1000 1999, 1000 1999
335,リンツ ショコラ ブティック＆カフェ ルミネ北千住店,チョコレート,https://tabelog.com/tokyo/A1324/A132402/13150002/,3.12,- -,0 999
336,PAUL ルミネ北千住店（ポール）,パン,https://tabelog.com/tokyo/A1324/A132402/13216487/,3.12,0 999,0 999
337,ポンパドウル 北千住店（POMPADOUR）,パン,https://tabelog.com/tokyo/A1324/A132402/13114183/,3.12,- -,0 999
338,まるいち青果,サンドイッチ,https://tabelog.com/tokyo/A1324/A132402/13259216/,3.12,- -, 5000 5999
339,トラットリア バール イル ポルトローネ（TRATTORIA BAR IL POLTRONE）,イタリアン,https://tabelog.com/tokyo/A1324/A132402/13228449/,3.12, 3000 3999, 1000 1999
340,南蛮渡来,バー・お酒,https://tabelog.com/tokyo/A1324/A132402/13123978/,3.12, 4000 4999,- -
341,カフェ シカク（□□□）,カフェ,https://tabelog.com/tokyo/A1324/A132402/13263694/,3.12,0 999,0 999
342,CONTRAIL（コントレイル）,バー,https://tabelog.com/tokyo/A1324/A132402/13061594/,3.12, 2000 2999,- -
343,ボイン,パン,https://tabelog.com/tokyo/A1324/A132402/13258169/,3.12,0 999,0 999
344,バーブルー ケイン（BAR Blue Cane）,バー,https://tabelog.com/tokyo/A1324/A132402/13134394/,3.12, 3000 3999,- -
345,回転寿司みさき エキア北千住（【旧店名】海鮮三崎港）,回転寿司,https://tabelog.com/tokyo/A1324/A132402/13027563/,3.11, 2000 2999, 2000 2999
346,いきなり！ステーキ 北千住店,ステーキ,https://tabelog.com/tokyo/A1324/A132402/13193367/,3.11, 2000 2999, 1000 1999
347,かぶら屋 北千住店,居酒屋,https://tabelog.com/tokyo/A1324/A132402/13141814/,3.11, 1000 1999,- -
348,加賀屋 北千住店（かがや）,居酒屋,https://tabelog.com/tokyo/A1324/A132402/13023004/,3.11, 2000 2999,- -
349,銀座ライオン 北千住店,ビアホール・ビアレストラン,https://tabelog.com/tokyo/A1324/A132402/13161694/,3.11, 2000 2999,0 999
350,デニーズ 北千住駅前店（Denny's）,ファミレス,https://tabelog.com/tokyo/A1324/A132402/13117280/,3.11, 1000 1999, 1000 1999
351,焼肉トラジ 北千住店,焼肉,https://tabelog.com/tokyo/A1324/A132402/13174356/,3.11, 5000 5999, 2000 2999
352,天ぷら新宿つな八 北千住店,天ぷら,https://tabelog.com/tokyo/A1324/A132402/13027996/,3.11, 4000 4999, 1000 1999
353,酒と魚 千住 845（ハシゴ）,居酒屋,https://tabelog.com/tokyo/A1324/A132402/13273053/,3.11, 3000 3999,- -
354,まぐろ大谷,魚介料理・海鮮料理,https://tabelog.com/tokyo/A1324/A132402/13268521/,3.11, 3000 3999, 1000 1999
355,フォーハノイマルシェ（PHO HANOI Marche）,デリカテッセン,https://tabelog.com/tokyo/A1324/A132402/13258647/,3.11,0 999, 2000 2999
356,乾杯食堂,韓国料理,https://tabelog.com/tokyo/A1324/A132402/13267376/,3.11, 2000 2999,0 999
357,ヴィ･ド･フランス デリ＆ルー 北千住店（VIE DE FRANCE Deli&Roux）,パン,https://tabelog.com/tokyo/A1324/A132402/13134098/,3.1,0 999,0 999
358,モンスターズテーブル（monstar's tabLe）,ステーキ,https://tabelog.com/tokyo/A1324/A132402/13128181/,3.1, 4000 4999,- -
359,辻利兵衛本店 北千住マルイ店（つじりへいほんてん）,和菓子,https://tabelog.com/tokyo/A1324/A132402/13241392/,3.1, 1000 1999,0 999
360,炭火焼肉ピカソ 本店,焼肉,https://tabelog.com/tokyo/A1324/A132402/13091389/,3.1, 2000 2999,- -
361,横浜道 北千住東口店（ヨコハマドウ）,ラーメン,https://tabelog.com/tokyo/A1324/A132402/13219943/,3.1,0 999,0 999
362,千里,焼肉,https://tabelog.com/tokyo/A1324/A132402/13066809/,3.1, 6000 7999,- -
363,らーめん 龍馬,ラーメン,https://tabelog.com/tokyo/A1324/A132402/13188926/,3.1, 1000 1999,- -
364,バー ハイド＆シーク（Bar Hide&Seek）,バー,https://tabelog.com/tokyo/A1324/A132402/13135216/,3.1, 3000 3999,- -
365,個室隠れ家 名古屋コーチン かけ屋,焼鳥,https://tabelog.com/tokyo/A1324/A132402/13144448/,3.1, 3000 3999,- -
366,無国籍酒肴 Himeji（ムコクセキシュコウ ヒメジ）,ダイニングバー,https://tabelog.com/tokyo/A1324/A132402/13037790/,3.1, 2000 2999,- -
367,信濃屋 北千住マルイ店,バー・お酒,https://tabelog.com/tokyo/A1324/A132402/13182028/,3.1, 6000 7999, 10000 14999
368,ザ・サン（THE SUN）,居酒屋,https://tabelog.com/tokyo/A1324/A132402/13140373/,3.1, 1000 1999,- -
369,米八 北千住マルイ店,弁当,https://tabelog.com/tokyo/A1324/A132402/13151563/,3.1,0 999,0 999
370,木彫（キボリ）,居酒屋,https://tabelog.com/tokyo/A1324/A132402/13159438/,3.1, 2000 2999,- -
371,オリジナルパンケーキハウス ルミネ北千住店,カフェ,https://tabelog.com/tokyo/A1324/A132402/13215664/,3.09, 1000 1999, 1000 1999
372,かつや 北千住西口店,かつ丼・かつ重,https://tabelog.com/tokyo/A1324/A132402/13042028/,3.09,0 999, 1000 1999
373,名代とんかつ かつくら 北千住マルイ店（なだいとんかつかつくら）,とんかつ,https://tabelog.com/tokyo/A1324/A132402/13017241/,3.09, 2000 2999, 1000 1999
374,スターバックス・コーヒー エキア北千住店（STARBUCKS COFFEE）,カフェ,https://tabelog.com/tokyo/A1324/A132402/13021004/,3.09,0 999,0 999
375,焼きあご塩らー麺 たかはし 北千住店,ラーメン,https://tabelog.com/tokyo/A1324/A132402/13270086/,3.09,0 999,0 999
376,釜焼き叉焼つけ麺五代目春樹,つけ麺,https://tabelog.com/tokyo/A1324/A132402/13262222/,3.09,0 999,0 999
377,カルダモン食堂（カルダモンショクドウ）,カレーライス,https://tabelog.com/tokyo/A1324/A132402/13204273/,3.09,- -,0 999
378,大衆酒場 くろ,居酒屋,https://tabelog.com/tokyo/A1324/A132402/13221917/,3.09, 2000 2999,- -
379,新富寿司,寿司,https://tabelog.com/tokyo/A1324/A132402/13071660/,3.09, 5000 5999, 1000 1999
380,チャンパネリア くいものや BAR  北千住店（XAMPANERIA kuimonoya BAR【旧店名】バンブウバア（BamBooBar））,スペイン料理,https://tabelog.com/tokyo/A1324/A132402/13084517/,3.09, 3000 3999, 1000 1999
381,Takuru（タクる）,カフェ,https://tabelog.com/tokyo/A1324/A132402/13270381/,3.09,- -, 1000 1999
382,LUSH COFFEE ROASTER&LABORATORY（ラッシュ コーヒー ロースターアンドラボラトリー）,コーヒー専門店,https://tabelog.com/tokyo/A1324/A132402/13263965/,3.09,0 999,0 999
383,ドラゴンゲート（DragonGate）,中華料理,https://tabelog.com/tokyo/A1324/A132402/13030371/,3.09, 2000 2999,- -
384,三蔵,鳥料理,https://tabelog.com/tokyo/A1324/A132402/13136247/,3.09, 6000 7999,- -
385,バー ピエロ（Bar Pierrot）,バー,https://tabelog.com/tokyo/A1324/A132402/13113727/,3.09, 2000 2999,- -
386,ブラス（Brass）,ダイニングバー,https://tabelog.com/tokyo/A1324/A132402/13012265/,3.09, 3000 3999, 3000 3999
387,たかみや,もつ焼き,https://tabelog.com/tokyo/A1324/A132402/13189404/,3.09, 2000 2999,- -
388,キッチン 美乃屋,洋食,https://tabelog.com/tokyo/A1324/A132402/13241380/,3.09, 3000 3999,0 999
389,WINE & DINE Vinogris KITASENJYU,イタリアン,https://tabelog.com/tokyo/A1324/A132402/13224678/,3.09, 6000 7999,- -
390,居酒家 楽空,居酒屋,https://tabelog.com/tokyo/A1324/A132402/13089889/,3.09, 3000 3999,- -
391,東菊水,居酒屋,https://tabelog.com/tokyo/A1324/A132402/13150326/,3.09, 2000 2999,- -
392,うなぎすぎ田,うなぎ,https://tabelog.com/tokyo/A1324/A132402/13078923/,3.09, 5000 5999,- -
393,ジュースバー ロケット（JUICE BAR ROCKET）,カフェ,https://tabelog.com/tokyo/A1324/A132402/13230520/,3.09, 1000 1999, 1000 1999
394,シェアンリ（Shez Henri）,デリカテッセン,https://tabelog.com/tokyo/A1324/A132402/13185721/,3.09, 1000 1999,- -
395,東京ミルクチーズ工場 カウカウキッチン EQUiA北千住店（東京ミルクチーズ工場 Cow Cow Kitchen）,スイーツ,https://tabelog.com/tokyo/A1324/A132402/13216344/,3.08,0 999, 1000 1999
396,コメダ珈琲店 北千住本町センター通り店,喫茶店,https://tabelog.com/tokyo/A1324/A132402/13189506/,3.08,0 999,0 999
397,スターバックス・コーヒー ルミネ北千住店,カフェ,https://tabelog.com/tokyo/A1324/A132402/13049539/,3.08,- -,0 999
398,アフタヌーンティー・ティールーム 北千住ルミネ店（Afternoon Tea TEAROOM）,カフェ,https://tabelog.com/tokyo/A1324/A132402/13044369/,3.08,- -, 1000 1999
399,おいもやさん興伸 北千住駅前通り店（こうしん）,スイーツ,https://tabelog.com/tokyo/A1324/A132402/13021305/,3.08,- -,0 999
400,ル ビアン 北千住マルイ店（LE BIHAN）,パン,https://tabelog.com/tokyo/A1324/A132402/13189869/,3.08,0 999,0 999
401,ゴーゴーカレー 北千住宿場町通りスタジアム,カレーライス,https://tabelog.com/tokyo/A1324/A132402/13169165/,3.08,0 999,0 999
402,韓韓麺 千住店（カンカンメン）,韓国料理,https://tabelog.com/tokyo/A1324/A132402/13008683/,3.08, 1000 1999,- -
403,ゆらり 北千住店,居酒屋,https://tabelog.com/tokyo/A1324/A132402/13174305/,3.08, 3000 3999,- -
404,粋心亭,居酒屋,https://tabelog.com/tokyo/A1324/A132402/13060008/,3.08, 5000 5999,- -
405,東京やきとん 宿場町店,居酒屋,https://tabelog.com/tokyo/A1324/A132402/13200033/,3.08, 2000 2999,0 999
406,ダイニングバー 山,ダイニングバー,https://tabelog.com/tokyo/A1324/A132402/13030516/,3.08, 4000 4999,- -
407,和食ビストロ寛（HIRO）,ダイニングバー,https://tabelog.com/tokyo/A1324/A132402/13125581/,3.08, 4000 4999,- -
408,水面月 北千住店,居酒屋,https://tabelog.com/tokyo/A1324/A132402/13174306/,3.08, 3000 3999,- -
409,うおとよ 北千住店,居酒屋,https://tabelog.com/tokyo/A1324/A132402/13250949/,3.08, 1000 1999, 1000 1999
410,COFFEE STAND WAN,コーヒー専門店,https://tabelog.com/tokyo/A1324/A132402/13187210/,3.08, 1000 1999,0 999
411,上岡商店本店,その他,https://tabelog.com/tokyo/A1324/A132402/13205069/,3.08,- -, 1000 1999
412,ちゃぶ台,居酒屋,https://tabelog.com/tokyo/A1324/A132402/13155017/,3.08, 1000 1999,0 999
413,立呑み 焼きとん 大黒 北千住西口店,立ち飲み居酒屋・バー,https://tabelog.com/tokyo/A1324/A132402/13247827/,3.08, 2000 2999,- -
414,大和龍（やまとりゅう）,割烹・小料理,https://tabelog.com/tokyo/A1324/A132402/13016926/,3.08, 4000 4999,- -
415,凜や 北千住店,そば,https://tabelog.com/tokyo/A1324/A132402/13236158/,3.08,0 999,0 999
416,B玉屋（ビーダマヤ）,居酒屋,https://tabelog.com/tokyo/A1324/A132402/13037780/,3.08, 2000 2999,- -
417,フットライズ（FOOT RIZE）,バー,https://tabelog.com/tokyo/A1324/A132402/13138943/,3.08, 1000 1999,- -
418,ドクターバナナ 北千住店（Dr.Banana）,ジュースバー,https://tabelog.com/tokyo/A1324/A132402/13248220/,3.08,- -,0 999
419,チャ ナイス 北千住店（CHA nice）,スイーツ,https://tabelog.com/tokyo/A1324/A132402/13241884/,3.08,0 999,0 999
420,寿家（コトブキヤ）,そば,https://tabelog.com/tokyo/A1324/A132402/13074098/,3.08,- -,0 999
421,わかば堂 製作所,ケーキ,https://tabelog.com/tokyo/A1324/A132402/13277718/,3.08,- -,- -
422,バーオネスティ（BAR HONESTY）,バー,https://tabelog.com/tokyo/A1324/A132402/13169794/,3.08, 4000 4999,- -
423,Cartier（カルチェ）,バー,https://tabelog.com/tokyo/A1324/A132402/13036354/,3.08, 3000 3999,- -
424,冨澤商店 ルミネ北千住店,その他,https://tabelog.com/tokyo/A1324/A132402/13185586/,3.08,0 999,- -
425,つけめん TETSU 丸井北千住店（ツケメン テツ）,つけ麺,https://tabelog.com/tokyo/A1324/A132402/13194996/,3.07,0 999,0 999
426,びっくりドンキー 北千住店,ファミレス,https://tabelog.com/tokyo/A1324/A132402/13021081/,3.07, 2000 2999, 1000 1999
427,手打ちラーメン珍来 北千住店（チンライ）,ラーメン,https://tabelog.com/tokyo/A1324/A132402/13037457/,3.07, 1000 1999,0 999
428,東京純豆腐 ルミネ北千住店（トウキョウスンドゥブ）,韓国料理,https://tabelog.com/tokyo/A1324/A132402/13093617/,3.07, 1000 1999,0 999
429,しんぱち食堂 北千住店,定食・食堂,https://tabelog.com/tokyo/A1324/A132402/13203131/,3.07,0 999,0 999
430,スープストックトーキョー ルミネ北千住店（SoupStockTokyo）,スープ,https://tabelog.com/tokyo/A1324/A132402/13093611/,3.07,- -, 1000 1999
431,マンゴツリーカフェ 北千住,タイ料理,https://tabelog.com/tokyo/A1324/A132402/13239825/,3.07, 1000 1999,0 999
432,大阪焼肉・ホルモン ふたご 北千住店,焼肉,https://tabelog.com/tokyo/A1324/A132402/13188087/,3.07, 4000 4999,- -
433,丸亀製麺 EQUiA北千住店,うどん,https://tabelog.com/tokyo/A1324/A132402/13247767/,3.07,0 999,0 999
434,新宿高野 北千住丸井店,ケーキ,https://tabelog.com/tokyo/A1324/A132402/13117706/,3.07,- -, 1000 1999
435,まんまるはなまるうどん 千住ミルディス店,うどん,https://tabelog.com/tokyo/A1324/A132402/13074265/,3.07,- -,0 999
436,ドトールコーヒーショップ 東武北千住駅店,カフェ・喫茶,https://tabelog.com/tokyo/A1324/A132402/13147503/,3.07,0 999,0 999
437,ラ・メゾン アンソレイユターブル パティスリー ルミネ北千住店（La Maison ensoleille table）,ケーキ,https://tabelog.com/tokyo/A1324/A132402/13097395/,3.07,0 999,0 999
438,プロント 北千住駅店（PRONTO）,バー・お酒,https://tabelog.com/tokyo/A1324/A132402/13170450/,3.07,- -,0 999
439,雲林坊 北千住東口店,担々麺,https://tabelog.com/tokyo/A1324/A132402/13276827/,3.07, 1000 1999, 1000 1999
440,銀座アスター 千住賓館（ギンザアスター）,中華料理,https://tabelog.com/tokyo/A1324/A132402/13021084/,3.07, 6000 7999, 3000 3999
441,サンマルクカフェ 北千住東口店（ST-MARC CAFE）,カフェ,https://tabelog.com/tokyo/A1324/A132402/13021005/,3.07,0 999,0 999
442,スペインバル ソルマヨール（SPAINBAR Sol Mayor）,スペイン料理,https://tabelog.com/tokyo/A1324/A132402/13249063/,3.07, 4000 4999,- -
443,千住かたすみ,焼鳥,https://tabelog.com/tokyo/A1324/A132402/13269719/,3.07, 3000 3999,- -
444,牛たんささ川 北千住西口店,牛タン,https://tabelog.com/tokyo/A1324/A132402/13233238/,3.07, 3000 3999, 1000 1999
445,ジャズスポット・バードランド（jazz spot Birdland）,居酒屋・ダイニングバー,https://tabelog.com/tokyo/A1324/A132402/13012271/,3.07, 3000 3999,- -
446,生そば　中川屋本店（なかがわやほんてん）,そば,https://tabelog.com/tokyo/A1324/A132402/13074195/,3.07,- -,0 999
447,A TASTE（エーテイスト）,ハンバーガー,https://tabelog.com/tokyo/A1324/A132402/13209961/,3.07, 3000 3999, 1000 1999
448,ウチワラベ,魚介料理・海鮮料理,https://tabelog.com/tokyo/A1324/A132402/13244191/,3.07, 1000 1999,- -
449,能登割烹 とぐち,割烹・小料理,https://tabelog.com/tokyo/A1324/A132402/13257523/,3.07,- -,0 999
450,仲町竹田,フレンチ,https://tabelog.com/tokyo/A1324/A132402/13154904/,3.07, 6000 7999,- -
451,Bistro Dining Daiba屋（ビストロダイニング ダイバヤ）,ダイニングバー,https://tabelog.com/tokyo/A1324/A132402/13209238/,3.07, 4000 4999,- -
452,モグランポ,お好み焼き,https://tabelog.com/tokyo/A1324/A132402/13008686/,3.07, 1000 1999, 1000 1999
453,Trattoria JUN（ジュン）,創作料理,https://tabelog.com/tokyo/A1324/A132402/13118430/,3.07, 3000 3999, 1000 1999
454,さん角,割烹・小料理,https://tabelog.com/tokyo/A1324/A132402/13077674/,3.07,- -, 1000 1999
455,鳥好,うなぎ,https://tabelog.com/tokyo/A1324/A132402/13082595/,3.07, 1000 1999, 2000 2999
456,シーキューブ 北千住ルミネ店,ケーキ,https://tabelog.com/tokyo/A1324/A132402/13150095/,3.07,0 999,- -
457,KiKi北千住（キキ）,喫茶店,https://tabelog.com/tokyo/A1324/A132402/13259149/,3.07,- -, 1000 1999
458,路地裏 久九,居酒屋,https://tabelog.com/tokyo/A1324/A132402/13275571/,3.07, 5000 5999, 1000 1999
459,三河屋,もんじゃ焼き,https://tabelog.com/tokyo/A1324/A132402/13102854/,3.07, 2000 2999,- -
460,セブンスコード（SeventhChord）,バー,https://tabelog.com/tokyo/A1324/A132402/13120609/,3.07, 2000 2999,0 999
461,ジンギスカン 赤○（アカマル）,ジンギスカン,https://tabelog.com/tokyo/A1324/A132402/13030145/,3.07, 3000 3999,- -
462,二月屋,バー,https://tabelog.com/tokyo/A1324/A132402/13123940/,3.07, 2000 2999,- -
463,匠カステラ本舗,スイーツ,https://tabelog.com/tokyo/A1324/A132402/13274655/,3.07,- -,0 999
464,韓味園,韓国料理,https://tabelog.com/tokyo/A1324/A132402/13150558/,3.07, 4000 4999,- -
465,路地裏寺子屋ろじこや 北千住（rojicoya）,カフェ,https://tabelog.com/tokyo/A1324/A132402/13252810/,3.07,- -, 1000 1999
466,小会席　あめ宮,居酒屋,https://tabelog.com/tokyo/A1324/A132402/13094849/,3.07, 4000 4999,- -
467,大山五右衛門 北千住マルイ店,その他,https://tabelog.com/tokyo/A1324/A132402/13164575/,3.07,- -,0 999
468,福しん 北千住店,ラーメン,https://tabelog.com/tokyo/A1324/A132402/13055161/,3.06,0 999,0 999
469,KICHIRI GARDEN TABLE（キチリ ガーデン テーブル）,居酒屋,https://tabelog.com/tokyo/A1324/A132402/13174168/,3.06, 3000 3999,- -
470,磯丸水産 北千住西口駅前店,魚介料理・海鮮料理,https://tabelog.com/tokyo/A1324/A132402/13172756/,3.06, 2000 2999, 1000 1999
471,HUB 北千住店（ハブ）,パブ,https://tabelog.com/tokyo/A1324/A132402/13050274/,3.06, 5000 5999,- -
472,築地玉寿司 ルミネ北千住店,寿司,https://tabelog.com/tokyo/A1324/A132402/13093615/,3.06, 3000 3999, 1000 1999
473,卵と私 ルミネ北千住店,オムライス,https://tabelog.com/tokyo/A1324/A132402/13093614/,3.06, 1000 1999, 1000 1999
474,アカマル屋 北千住西口駅前店,居酒屋,https://tabelog.com/tokyo/A1324/A132402/13197231/,3.06, 2000 2999,- -
475,廻り寿し 千寿 すしつね 北千住マルイ店,回転寿司,https://tabelog.com/tokyo/A1324/A132402/13009127/,3.06, 2000 2999, 1000 1999
476,越後そば 北千住店,そば,https://tabelog.com/tokyo/A1324/A132402/13105179/,3.06,0 999,0 999
477,パオパオ 北千住店（PAOPAO）,肉まん・中華まん,https://tabelog.com/tokyo/A1324/A132402/13161523/,3.06,0 999,0 999
478,スターバックス・コーヒー 北千住マルイ店（STARBUCKS COFFEE）,カフェ,https://tabelog.com/tokyo/A1324/A132402/13167382/,3.06,0 999,0 999
479,名代 富士そば 北千住東口店,そば,https://tabelog.com/tokyo/A1324/A132402/13208252/,3.06,- -,0 999
480,鳴門鯛焼本舗 北千住店,たい焼き・大判焼き,https://tabelog.com/tokyo/A1324/A132402/13191948/,3.06,0 999,0 999
481,柿安ダイニング 北千住マルイ店,デリカテッセン,https://tabelog.com/tokyo/A1324/A132402/13115567/,3.06, 1000 1999,0 999
482,ジューサーバー ＴＸ北千住店,レストラン,https://tabelog.com/tokyo/A1324/A132402/13078734/,3.06,0 999,- -
483,千駄木 腰塚 北千住マルイ店（センダギ コシヅカ）,デリカテッセン,https://tabelog.com/tokyo/A1324/A132402/13206645/,3.06, 1000 1999,- -
484,nomiya（nomiya ノミヤ洋菓子店/五席酒場ノミヤ）,バル・バール,https://tabelog.com/tokyo/A1324/A132402/13231758/,3.06,- -, 1000 1999
485,サニーダイナー ドライブイン店（SUNNY DINER DRIVE-IN）,ハンバーガー,https://tabelog.com/tokyo/A1324/A132402/13158200/,3.06, 1000 1999, 1000 1999
486,ドルチェフェリーチェ ルミネ北千住店,ケーキ,https://tabelog.com/tokyo/A1324/A132402/13150098/,3.06,- -,0 999
487,肉と鎌倉野菜の大衆イタリアン 北千住Beach （senjubeach）,バル・バール,https://tabelog.com/tokyo/A1324/A132402/13181030/,3.06, 3000 3999,- -
488,and MARK STAND.,居酒屋,https://tabelog.com/tokyo/A1324/A132402/13248458/,3.06, 2000 2999,- -
489,良井,居酒屋,https://tabelog.com/tokyo/A1324/A132402/13268629/,3.06, 5000 5999,- -
490,笑力,お好み焼き,https://tabelog.com/tokyo/A1324/A132402/13082231/,3.06, 3000 3999,- -
491,韓国焼肉　炙りな,焼肉,https://tabelog.com/tokyo/A1324/A132402/13129262/,3.06, 3000 3999,- -
492,ペコペコ亭,弁当,https://tabelog.com/tokyo/A1324/A132402/13153721/,3.06,0 999,- -
493,心技体 北千住部屋（SHINGITAI）,居酒屋,https://tabelog.com/tokyo/A1324/A132402/13263514/,3.06, 2000 2999,- -
494,銀座甘楽 ルミネ北千住店,和菓子,https://tabelog.com/tokyo/A1324/A132402/13150104/,3.06,- -,0 999
495,ひょうたん,焼鳥,https://tabelog.com/tokyo/A1324/A132402/13109581/,3.06, 1000 1999,- -
496,リオのパン,パン,https://tabelog.com/tokyo/A1324/A132402/13042154/,3.06,- -,0 999
497,ゑびす屋,うなぎ,https://tabelog.com/tokyo/A1324/A132402/13043166/,3.06, 2000 2999,- -
498,カレルチャペック ルミネ北千住店,紅茶専門店,https://tabelog.com/tokyo/A1324/A132402/13210234/,3.06,- -,0 999
499,日本酒 松本,居酒屋,https://tabelog.com/tokyo/A1324/A132402/13274732/,3.06, 5000 5999,- -
500,築地 奈可嶋 ルミネ北千住店,魚介料理・海鮮料理,https://tabelog.com/tokyo/A1324/A132402/13188669/,3.06,0 999,0 999
501,日本橋錦豊琳 ルミネ北千住店,和菓子,https://tabelog.com/tokyo/A1324/A132402/13150101/,3.06,0 999,0 999
502,美食 和,寿司,https://tabelog.com/tokyo/A1324/A132402/13249977/,3.06,- -,0 999
503,和幸 丸井北千住売店,とんかつ,https://tabelog.com/tokyo/A1324/A132402/13172315/,3.06, 1000 1999,0 999
504,きそば更科,そば,https://tabelog.com/tokyo/A1324/A132402/13067138/,3.06,- -,0 999
505,葡萄酒亭 ろばす,ワインバー,https://tabelog.com/tokyo/A1324/A132402/13228004/,3.06, 3000 3999,- -
506,せりかわ和菓子店,和菓子,https://tabelog.com/tokyo/A1324/A132402/13113508/,3.06,- -,0 999
507,フライド パスタ スナック（FRIED PASTA SNACK）,洋菓子,https://tabelog.com/tokyo/A1324/A132402/13200581/,3.06,- -,0 999
508,DAD（ダット）,バー,https://tabelog.com/tokyo/A1324/A132402/13102940/,3.06, 2000 2999,- -
509,アカマル屋 北千住宿場町通り店,居酒屋,https://tabelog.com/tokyo/A1324/A132402/13190271/,3.05, 2000 2999,- -
510,ちょい飲み酒場 酔っ手羽食堂 北千住店本館,居酒屋,https://tabelog.com/tokyo/A1324/A132402/13202376/,3.05, 2000 2999,0 999
511,焼肉ライク 北千住店,焼肉,https://tabelog.com/tokyo/A1324/A132402/13252882/,3.05, 1000 1999, 1000 1999
512,ダッキーダック ルミネ北千住店（Ducky Duck）,カフェ,https://tabelog.com/tokyo/A1324/A132402/13024818/,3.05, 1000 1999,0 999
513,木村屋本店 北千住,居酒屋,https://tabelog.com/tokyo/A1324/A132402/13164267/,3.05, 3000 3999, 2000 2999
514,はなの舞 北千住店,居酒屋,https://tabelog.com/tokyo/A1324/A132402/13046575/,3.05, 3000 3999,0 999
515,カーヴ 隠れや 北千住店,居酒屋,https://tabelog.com/tokyo/A1324/A132402/13095818/,3.05, 3000 3999, 1000 1999
516,北の味紀行と地酒 北海道 北千住駅前店（Hokkaido）,居酒屋,https://tabelog.com/tokyo/A1324/A132402/13174614/,3.05, 3000 3999,- -
517,ラケル パン 北千住マルイ店（RAKERU PAN）,洋食,https://tabelog.com/tokyo/A1324/A132402/13222027/,3.05, 1000 1999, 1000 1999
518,五右衛門 ルミネ北千住店,パスタ,https://tabelog.com/tokyo/A1324/A132402/13093613/,3.05, 1000 1999, 1000 1999
519,椿屋カフェ 北千住マルイ店,カフェ,https://tabelog.com/tokyo/A1324/A132402/13207099/,3.05,0 999,0 999
520,串カツ田中 北千住店,居酒屋,https://tabelog.com/tokyo/A1324/A132402/13172527/,3.05, 1000 1999,0 999
521,おむすび権米衛 エキア北千住店,おにぎり,https://tabelog.com/tokyo/A1324/A132402/13132933/,3.05,0 999, 1000 1999
522,アンテノール 北千住マルイ店（ANTENOR）,ケーキ,https://tabelog.com/tokyo/A1324/A132402/13061210/,3.05, 4000 4999, 1000 1999
523,オリーブハウスキッチン 北千住店（Olive House Kitchen）,洋食,https://tabelog.com/tokyo/A1324/A132402/13203575/,3.05, 1000 1999, 1000 1999
524,築地銀だこ 北千住マルイ店,たこ焼き,https://tabelog.com/tokyo/A1324/A132402/13078559/,3.05,0 999, 1000 1999
525,珈琲館 北千住東口店（コーヒーカン）,カフェ,https://tabelog.com/tokyo/A1324/A132402/13037629/,3.05,- -, 1000 1999
526,柿安口福堂 ルミネ北千住店,和菓子,https://tabelog.com/tokyo/A1324/A132402/13130750/,3.05,0 999,0 999
527,やなか珈琲店 北千住店,コーヒー専門店,https://tabelog.com/tokyo/A1324/A132402/13049085/,3.05,- -,0 999
528,ドトールコーヒーショップ 北千住西口店,コーヒー専門店,https://tabelog.com/tokyo/A1324/A132402/13086921/,3.05,0 999,0 999
529,大戸屋 北千住西口店,定食・食堂,https://tabelog.com/tokyo/A1324/A132402/13174454/,3.05, 1000 1999, 1000 1999
530,横浜 くりこ庵 北千住ルミネ店（クリコアン）,たい焼き・大判焼き,https://tabelog.com/tokyo/A1324/A132402/13055810/,3.05,0 999,0 999
531,ビアードパパ 丸井北千住店（beard papa）,スイーツ,https://tabelog.com/tokyo/A1324/A132402/13126866/,3.05,- -,0 999
532,個室居酒屋 四季彩 北千住店,居酒屋,https://tabelog.com/tokyo/A1324/A132402/13230492/,3.05, 4000 4999, 3000 3999
533,とらふぐ亭 北千住店（とらふぐてい）,ふぐ,https://tabelog.com/tokyo/A1324/A132402/13027040/,3.05, 6000 7999,- -
534,いちびこ ルミネ北千住店（ICHIBIKO）,ケーキ,https://tabelog.com/tokyo/A1324/A132402/13242620/,3.05,0 999,0 999
535,麺屋 てぃーち,ラーメン,https://tabelog.com/tokyo/A1324/A132402/13230149/,3.05, 1000 1999,0 999
536,心亭 ルミネ北千住店,おにぎり,https://tabelog.com/tokyo/A1324/A132402/13150629/,3.05, 1000 1999,- -
537,サライ ケバブ 北千住店（SARAY KEBAB）,トルコ料理,https://tabelog.com/tokyo/A1324/A132402/13242308/,3.05,- -,0 999
538,ナマステヒマール,インドカレー,https://tabelog.com/tokyo/A1324/A132402/13214949/,3.05, 1000 1999,- -
539,中華料理 建龍,中華料理,https://tabelog.com/tokyo/A1324/A132402/13236790/,3.05, 2000 2999,0 999
540,小さなしゃらら,居酒屋,https://tabelog.com/tokyo/A1324/A132402/13227130/,3.05, 2000 2999,- -
541,七條甘春堂 北千住マルイ店,和菓子,https://tabelog.com/tokyo/A1324/A132402/13135782/,3.05, 2000 2999,0 999
542,炭火焼肉 赤黒（スミビヤキニク アカクロ）,焼肉,https://tabelog.com/tokyo/A1324/A132402/13190613/,3.05, 3000 3999, 1000 1999
543,浜り屋（【旧店名】ももこ）,居酒屋,https://tabelog.com/tokyo/A1324/A132402/13117625/,3.05, 2000 2999,- -
544,小堀米店 大踏切通り店,おにぎり,https://tabelog.com/tokyo/A1324/A132402/13219435/,3.05,0 999,0 999
545,痛風牡蠣と海鮮居酒屋 ゑびす商店,居酒屋,https://tabelog.com/tokyo/A1324/A132402/13251623/,3.05, 3000 3999, 3000 3999
546,焼き鳥 焼きとん 肉巻き串 串右衛門 北千住店,焼鳥,https://tabelog.com/tokyo/A1324/A132402/13256132/,3.05, 2000 2999, 2000 2999
547,栄寿司,寿司,https://tabelog.com/tokyo/A1324/A132402/13070678/,3.05, 5000 5999,- -
548,まるきん,韓国料理,https://tabelog.com/tokyo/A1324/A132402/13181997/,3.05,- -,0 999
549,チャウダーズ アンド ワンボウル,丼もの,https://tabelog.com/tokyo/A1324/A132402/13237845/,3.05,0 999,0 999
550,シナボン 北千住店（CINNABON）,パン,https://tabelog.com/tokyo/A1324/A132402/13262715/,3.05,0 999,- -
551,ゲンヤ堂 北千住店,和菓子,https://tabelog.com/tokyo/A1324/A132402/13247646/,3.05,- -,0 999
552,ののの,寿司,https://tabelog.com/tokyo/A1324/A132402/13268670/,3.05, 2000 2999, 1000 1999
553,ドミノピザ 北千住店,その他,https://tabelog.com/tokyo/A1324/A132402/13142359/,3.05, 2000 2999,- -
554,円楽,居酒屋,https://tabelog.com/tokyo/A1324/A132402/13084514/,3.05, 3000 3999,- -
555,杉本青果店（スギモトセイカテン）,その他,https://tabelog.com/tokyo/A1324/A132402/13204203/,3.05,- -,0 999
556,海鮮丼 安田家,海鮮丼,https://tabelog.com/tokyo/A1324/A132402/13152962/,3.05,0 999,0 999
557,魚豊離れ,居酒屋,https://tabelog.com/tokyo/A1324/A132402/13280246/,3.05, 1000 1999,- -
558,ミニストップ 千住仲町店（MINI STOP）,その他,https://tabelog.com/tokyo/A1324/A132402/13185732/,3.05,- -,0 999
559,茂蔵　 北千住東口直売所（麺彩本舗）,その他,https://tabelog.com/tokyo/A1324/A132402/13132719/,3.05,- -,0 999
560,CHEESE CAVERY TOKYO（チーズ ケイベリー トウキョウ）,ケーキ,https://tabelog.com/tokyo/A1324/A132402/13267386/,3.05,0 999, 1000 1999
561,おかず道楽 北千住マルイ店,デリカテッセン,https://tabelog.com/tokyo/A1324/A132402/13171112/,3.05, 1000 1999,- -
562,GO-MEN（ゴーメン）,パスタ,https://tabelog.com/tokyo/A1324/A132402/13268753/,3.05, 2000 2999,0 999
563,RireVie（リールヴィー）,バー,https://tabelog.com/tokyo/A1324/A132402/13171602/,3.05, 8000 9999,- -
564,Bar 徒然草,バー,https://tabelog.com/tokyo/A1324/A132402/13232823/,3.05, 4000 4999,- -
565,松屋 北千住店,牛丼,https://tabelog.com/tokyo/A1324/A132402/13137376/,3.04,0 999,0 999
566,喜田家 北千住マルイ店,和菓子,https://tabelog.com/tokyo/A1324/A132402/13132356/,3.04,- -,0 999
567,サーティワンアイスクリーム 北千住店,アイスクリーム,https://tabelog.com/tokyo/A1324/A132402/13124120/,3.04, 1000 1999,- -
568,崎陽軒 ルミネ北千住店,弁当,https://tabelog.com/tokyo/A1324/A132402/13163190/,3.04, 1000 1999,0 999
569,ねり伝 北千住マルイ店,おでん,https://tabelog.com/tokyo/A1324/A132402/13161059/,3.04,0 999,0 999
570,はれてまりカフェ（【旧店名】カフェ&ダイニング POSSO）,カフェ,https://tabelog.com/tokyo/A1324/A132402/13232986/,3.04,- -,0 999
571,アランアランの小路,ダイニングバー,https://tabelog.com/tokyo/A1324/A132402/13152596/,3.04, 3000 3999,- -
572,キッチン マーレブル,ダイニングバー,https://tabelog.com/tokyo/A1324/A132402/13253400/,3.04, 3000 3999, 1000 1999
573,おでんよし田,おでん,https://tabelog.com/tokyo/A1324/A132402/13182586/,3.04, 2000 2999,- -
574,肴やハマちゃん,居酒屋,https://tabelog.com/tokyo/A1324/A132402/13206489/,3.04, 3000 3999,- -
575,タイムトンネル（TIME TUNNEL）,バー,https://tabelog.com/tokyo/A1324/A132402/13037418/,3.04, 1000 1999,- -
576,らんらん,ラーメン,https://tabelog.com/tokyo/A1324/A132402/13065973/,3.04,- -,0 999
577,キャトルフォイユ 北千住店,その他,https://tabelog.com/tokyo/A1324/A132402/13237868/,3.04,- -, 3000 3999
578,フランセ 北千住丸井店,洋菓子,https://tabelog.com/tokyo/A1324/A132402/13148102/,3.04,- -, 2000 2999
579,イタリアのドルチェ コロコロ,洋菓子,https://tabelog.com/tokyo/A1324/A132402/13247314/,3.04,- -, 1000 1999
580,居酒屋やおよろず,居酒屋,https://tabelog.com/tokyo/A1324/A132402/13254160/,3.04, 3000 3999, 1000 1999
581,ての字 北千住マルイ店,デリカテッセン,https://tabelog.com/tokyo/A1324/A132402/13231019/,3.04,- -,0 999
582,肉の家,焼肉,https://tabelog.com/tokyo/A1324/A132402/13234394/,3.04, 2000 2999,- -
583,ラーメン　雑賀,ラーメン,https://tabelog.com/tokyo/A1324/A132402/13161438/,3.04,- -,0 999
584,ナッツ トーキョー 北千住マルイ店（nuts tokyo）,その他,https://tabelog.com/tokyo/A1324/A132402/13213984/,3.04,- -,0 999
585,にくえもん 北千住店,居酒屋,https://tabelog.com/tokyo/A1324/A132402/13231456/,3.04,- -, 4000 4999
586,サボテン,パブ,https://tabelog.com/tokyo/A1324/A132402/13123851/,3.04, 2000 2999,- -
587,南海園炭火ハウス,焼肉,https://tabelog.com/tokyo/A1324/A132402/13066807/,3.04, 3000 3999,- -
588,まにわ商店 本店,その他,https://tabelog.com/tokyo/A1324/A132402/13234592/,3.04,- -,0 999
589,こそたてシェアハウス cotoca（コトカ【旧店名】こそだて喫茶 コトカ）,カフェ,https://tabelog.com/tokyo/A1324/A132402/13238545/,3.04,- -, 1000 1999
590,平野屋,和菓子,https://tabelog.com/tokyo/A1324/A132402/13179146/,3.04,- -,0 999
591,日高屋 北千住西口駅前店,ラーメン,https://tabelog.com/tokyo/A1324/A132402/13130815/,3.03, 1000 1999,0 999
592,鳥良商店 北千住東口店,居酒屋,https://tabelog.com/tokyo/A1324/A132402/13208440/,3.03, 2000 2999,0 999
593,福しん 北千住東口店,ラーメン,https://tabelog.com/tokyo/A1324/A132402/13113551/,3.03,0 999,0 999
594,マクドナルド 北千住西口店,ハンバーガー,https://tabelog.com/tokyo/A1324/A132402/13102314/,3.03,- -,0 999
595,どさん子 千住一丁目店,ラーメン,https://tabelog.com/tokyo/A1324/A132402/13065970/,3.03,0 999,0 999
596,やきとり家 すみれ 北千住店,焼鳥,https://tabelog.com/tokyo/A1324/A132402/13191627/,3.03, 3000 3999, 2000 2999
597,ポポラマーマ 北千住店,パスタ,https://tabelog.com/tokyo/A1324/A132402/13174501/,3.03, 1000 1999,0 999
598,吉野家 エキア北千住店,牛丼,https://tabelog.com/tokyo/A1324/A132402/13228946/,3.03,0 999,0 999
599,イタリアン・トマト　カフェジュニア 東京電機大学店,カフェ,https://tabelog.com/tokyo/A1324/A132402/13139658/,3.03,- -,0 999
600,サンマルクカフェ エキア北千住店,カフェ,https://tabelog.com/tokyo/A1324/A132402/13122828/,3.03,0 999,0 999
601,星乃珈琲店 北千住店（HOSHINO COFFEE）,喫茶店,https://tabelog.com/tokyo/A1324/A132402/13248616/,3.03, 1000 1999,0 999
602,大衆スタンド 神田屋 北千住西口店,立ち飲み居酒屋・バー,https://tabelog.com/tokyo/A1324/A132402/13259865/,3.03, 1000 1999,- -
603,ア・ラ・カンパーニュ 北千住店,ケーキ,https://tabelog.com/tokyo/A1324/A132402/13152245/,3.03,- -, 1000 1999
604,リンガーハット 千住ミルディス店,ちゃんぽん,https://tabelog.com/tokyo/A1324/A132402/13127493/,3.03,0 999,0 999
605,ベーカリーレストランサンマルク 北千住マルイ店,洋食,https://tabelog.com/tokyo/A1324/A132402/13262589/,3.03, 2000 2999, 1000 1999
606,サイゼリヤ 北千住本町センター通り店,ファミレス,https://tabelog.com/tokyo/A1324/A132402/13136561/,3.03, 2000 2999, 1000 1999
607,ウィズグリーン（With Green）,自然食,https://tabelog.com/tokyo/A1324/A132402/13213392/,3.03,0 999,- -
608,目利きの銀次 北千住西口駅前店,居酒屋,https://tabelog.com/tokyo/A1324/A132402/13072923/,3.03, 2000 2999,- -
609,とんかつ まい泉 ルミネ北千住店,とんかつ,https://tabelog.com/tokyo/A1324/A132402/13085997/,3.03,0 999,0 999
610,大衆居酒屋 大革命 アレやコレ屋 北千住店（【旧店名】鉄板酒場 酔っ手羽）,居酒屋,https://tabelog.com/tokyo/A1324/A132402/13201769/,3.03, 2000 2999, 1000 1999
611,大衆酒蔵 日本海 北千住店（にほんかい）,居酒屋,https://tabelog.com/tokyo/A1324/A132402/13028063/,3.03, 2000 2999,- -
612,しゃぶしゃぶ温野菜 北千住店,しゃぶしゃぶ,https://tabelog.com/tokyo/A1324/A132402/13142654/,3.03, 3000 3999, 1000 1999
613,魚力 北千住マルイ店,寿司,https://tabelog.com/tokyo/A1324/A132402/13115565/,3.03,- -, 1000 1999
614,土間土間 北千住店,居酒屋,https://tabelog.com/tokyo/A1324/A132402/13134252/,3.03, 3000 3999,- -
615,梅園 丸井北千住店,和菓子,https://tabelog.com/tokyo/A1324/A132402/13165345/,3.03,0 999,- -
616,ケンタッキーフライドチキン 北千住ミルディス店,レストラン,https://tabelog.com/tokyo/A1324/A132402/13115797/,3.03,0 999, 2000 2999
617,サブウェイ 千住ミルディス店（SUBWAY）,サンドイッチ,https://tabelog.com/tokyo/A1324/A132402/13132441/,3.03,- -,0 999
618,朝・昼・夕ごはん　豆藤 ルミネ北千住店,デリカテッセン,https://tabelog.com/tokyo/A1324/A132402/13109369/,3.03, 1000 1999,0 999
619,百年いなり,寿司,https://tabelog.com/tokyo/A1324/A132402/13264156/,3.03,- -, 1000 1999
620,ミスタードーナツ 北千住ショップ（mister Donut）,ドーナツ,https://tabelog.com/tokyo/A1324/A132402/13182271/,3.03,- -,0 999
621,マクドナルド 千住ミルディス店,ハンバーガー,https://tabelog.com/tokyo/A1324/A132402/13131784/,3.03,- -,0 999
622,東京餃子軒 千住ミルディス店,中華料理,https://tabelog.com/tokyo/A1324/A132402/13245292/,3.03, 1000 1999,0 999
623,しゃぶ菜 マルイ北千住,しゃぶしゃぶ,https://tabelog.com/tokyo/A1324/A132402/13225224/,3.03, 2000 2999, 1000 1999
624,モスバーガー 北千住センター通り店（MOS BURGER）,ハンバーガー,https://tabelog.com/tokyo/A1324/A132402/13109257/,3.03,- -,0 999
625,肉汁餃子のダンダダン 北千住きたろーど店,餃子,https://tabelog.com/tokyo/A1324/A132402/13262929/,3.03, 2000 2999,0 999
626,グリーングルメ 北千住マルイ店,デリカテッセン,https://tabelog.com/tokyo/A1324/A132402/13211433/,3.03, 1000 1999,0 999
627,アールエフワン ルミネ北千住店（RF1）,デリカテッセン,https://tabelog.com/tokyo/A1324/A132402/13109367/,3.03,0 999,- -
628,ゴディバ 北千住マルイ店（GODIVA）,チョコレート,https://tabelog.com/tokyo/A1324/A132402/13168234/,3.03,0 999,0 999
629,中華惣菜 信長（チュウカソウザイ ノブナガ）,中華料理,https://tabelog.com/tokyo/A1324/A132402/13218596/,3.03,0 999,0 999
630,だい 大盛,もつ焼き,https://tabelog.com/tokyo/A1324/A132402/13097714/,3.03, 2000 2999,- -
631,創菜いい菜 北千住マルイ店（ソウザイ イイナ）,デリカテッセン,https://tabelog.com/tokyo/A1324/A132402/13212393/,3.03,0 999,- -
632,もつ煮込み 中田屋,もつ料理,https://tabelog.com/tokyo/A1324/A132402/13278327/,3.03,0 999,0 999
633,巴 北千住店（TOMOE）,居酒屋,https://tabelog.com/tokyo/A1324/A132402/13224451/,3.03, 2000 2999, 2000 2999
634,kumar,カレー,https://tabelog.com/tokyo/A1324/A132402/13247614/,3.03,- -, 1000 1999
635,そば酒房 碧夢,居酒屋,https://tabelog.com/tokyo/A1324/A132402/13239710/,3.03, 3000 3999,- -
636,肉酒場 美美,焼肉,https://tabelog.com/tokyo/A1324/A132402/13261290/,3.03, 4000 4999,- -
637,和牛ホルモン煮込み あかし屋,ホルモン,https://tabelog.com/tokyo/A1324/A132402/13262036/,3.03,- -,- -
638,AJO BASE（アホ ベイス）,カフェ,https://tabelog.com/tokyo/A1324/A132402/13274651/,3.03,0 999,- -
639,京都 八百一 丸井北千住店,デリカテッセン,https://tabelog.com/tokyo/A1324/A132402/13231271/,3.03,0 999,0 999
640,千住丸武,弁当,https://tabelog.com/tokyo/A1324/A132402/13187829/,3.03,0 999,0 999
641,大塚商店,その他,https://tabelog.com/tokyo/A1324/A132402/13152223/,3.03,- -,0 999
642,かどのめし屋 仲町店（【旧店名】かどのお惣菜屋）,弁当,https://tabelog.com/tokyo/A1324/A132402/13197219/,3.03,- -,0 999
643,沖縄商店しむら,沖縄料理,https://tabelog.com/tokyo/A1324/A132402/13280542/,3.03, 3000 3999, 1000 1999
644,デイリーヤマザキ 北千住駅東口店（DailyYAMAZAKI）,その他,https://tabelog.com/tokyo/A1324/A132402/13167785/,3.03,0 999,- -
645,鯛焼総家 北千住マルイ店,たい焼き・大判焼き,https://tabelog.com/tokyo/A1324/A132402/13258880/,3.03,- -,0 999
646,フォション 北千住マルイ店（FAUCHON）,その他,https://tabelog.com/tokyo/A1324/A132402/13271148/,3.03,- -, 1000 1999
647,東京油組総本店 北千住組,油そば,https://tabelog.com/tokyo/A1324/A132402/13259275/,3.02,0 999,0 999
648,ダロワイヨ ルミネ北千住店,マカロン,https://tabelog.com/tokyo/A1324/A132402/13216301/,3.02, 1000 1999, 1000 1999
649,古市庵 北千住マルイ店,寿司,https://tabelog.com/tokyo/A1324/A132402/13115563/,3.02, 1000 1999,0 999
650,フロプレステージュ 北千住丸井店,ケーキ,https://tabelog.com/tokyo/A1324/A132402/13124908/,3.02,- -, 1000 1999
651,梅の花 北千住丸井店,豆腐料理・湯葉料理,https://tabelog.com/tokyo/A1324/A132402/13178808/,3.02, 1000 1999, 1000 1999
652,ラップド クレープ コロット エキア北千住店（Wrapped Crepe Koroto ）,クレープ,https://tabelog.com/tokyo/A1324/A132402/13233477/,3.02,- -,0 999
653,ルピシア 北千住ショップ（LUPICIA）,紅茶専門店,https://tabelog.com/tokyo/A1324/A132402/13123754/,3.02,- -,0 999
654,鮒秋（ふなあき）,うなぎ,https://tabelog.com/tokyo/A1324/A132402/13122718/,3.02,- -,0 999
655,大黒鮨,寿司,https://tabelog.com/tokyo/A1324/A132402/13154214/,3.02,- -, 1000 1999
656,狸太（ぽんた）,お好み焼き,https://tabelog.com/tokyo/A1324/A132402/13115322/,3.02, 2000 2999,- -
657,銀座ブールミッシュ ルミネ北千住店,洋菓子,https://tabelog.com/tokyo/A1324/A132402/13192357/,3.02, 1000 1999,0 999
658,麺処 勇人（メンドコロ ハヤト）,ラーメン,https://tabelog.com/tokyo/A1324/A132402/13195639/,3.02,0 999,- -
659,もとはら,焼鳥,https://tabelog.com/tokyo/A1324/A132402/13225877/,3.02, 3000 3999,- -
660,ヴェルデ カフェ（Verde Caffe）,カフェ,https://tabelog.com/tokyo/A1324/A132402/13206057/,3.02,- -,0 999
661,東京電機大学 東京千住キャンパス 学生食堂,学生食堂,https://tabelog.com/tokyo/A1324/A132402/13215626/,3.02,0 999,0 999
662,居酒屋 こうめい,居酒屋,https://tabelog.com/tokyo/A1324/A132402/13211837/,3.02, 2000 2999,- -
663,カピリナ（KA PILINA）,パン・サンドイッチ,https://tabelog.com/tokyo/A1324/A132402/13180455/,3.02,- -, 1000 1999
664,食道園,焼肉,https://tabelog.com/tokyo/A1324/A132402/13164144/,3.02, 4000 4999,- -
665,トリトン（Triton）,バー,https://tabelog.com/tokyo/A1324/A132402/13036329/,3.02, 2000 2999,- -
666,ケバブ倶楽部 北千住店,トルコ料理,https://tabelog.com/tokyo/A1324/A132402/13247202/,3.02,0 999,- -
667,無印良品 ルミネ北千住店,その他,https://tabelog.com/tokyo/A1324/A132402/13208428/,3.02,- -,0 999
668,一歩,居酒屋,https://tabelog.com/tokyo/A1324/A132402/13078312/,3.02, 2000 2999,- -
669,しず,居酒屋,https://tabelog.com/tokyo/A1324/A132402/13084516/,3.02, 4000 4999,- -
670,朝日鮨,寿司,https://tabelog.com/tokyo/A1324/A132402/13071942/,3.02, 3000 3999,- -
671,アーバイン東京 上野 北千住（URBAIN TOKYO）,オーベルジュ,https://tabelog.com/tokyo/A1324/A132402/13231041/,3.02,- -,- -
672,ラ・メゾン（La Maiz'on）,ダイニングバー,https://tabelog.com/tokyo/A1324/A132402/13166116/,3.02, 5000 5999,- -
673,礼花,居酒屋,https://tabelog.com/tokyo/A1324/A132402/13144906/,3.02,- -,0 999
674,ローズカフェ（Ｒose Cafe）,喫茶店,https://tabelog.com/tokyo/A1324/A132402/13158319/,3.02,- -,0 999
675,天丼てんや 北千住西口店,天丼・天重,https://tabelog.com/tokyo/A1324/A132402/13133384/,3.01,0 999,- -
676,旨唐揚げと居酒メシ ミライザカ 北千住店,居酒屋,https://tabelog.com/tokyo/A1324/A132402/13196646/,3.01, 2000 2999,- -
677,焼鳥日高 北千住西口店,居酒屋,https://tabelog.com/tokyo/A1324/A132402/13198940/,3.01, 2000 2999,- -
678,屋台屋 博多劇場 北千住店,居酒屋,https://tabelog.com/tokyo/A1324/A132402/13248178/,3.01, 2000 2999,- -
679,日高屋 北千住東口店,ラーメン,https://tabelog.com/tokyo/A1324/A132402/13203119/,3.01,- -,0 999
680,タリーズコーヒー ルミネ北千住店（TULLY'S COFFEE）,カフェ,https://tabelog.com/tokyo/A1324/A132402/13207381/,3.01,0 999,- -
681,牛角 北千住駅前店,焼肉,https://tabelog.com/tokyo/A1324/A132402/13210868/,3.01, 3000 3999,- -
682,鶏三和 北千住マルイ店（トリサンワ）,鳥料理,https://tabelog.com/tokyo/A1324/A132402/13212390/,3.01,0 999,0 999
683,神戸コロッケ ルミネ北千住店,コロッケ・フライ,https://tabelog.com/tokyo/A1324/A132402/13109368/,3.01,0 999,0 999
684,TOPS 北千住マルイ店（トップス）,チョコレート,https://tabelog.com/tokyo/A1324/A132402/13148288/,3.01, 1000 1999, 1000 1999
685,マクドナルド 牛田駅前店,ハンバーガー,https://tabelog.com/tokyo/A1324/A132402/13156383/,3.01,0 999,0 999
686,すき家 北千住西口店,牛丼,https://tabelog.com/tokyo/A1324/A132402/13143499/,3.01,0 999,- -
687,吉野家 北千住本町商店街店,牛丼,https://tabelog.com/tokyo/A1324/A132402/13191149/,3.01,0 999,- -
688,しゃぶ葉   北千住店,しゃぶしゃぶ,https://tabelog.com/tokyo/A1324/A132402/13256172/,3.01, 3000 3999, 1000 1999
689,新宿さぼてん デリカ 東武北千住駅店,とんかつ,https://tabelog.com/tokyo/A1324/A132402/13208558/,3.01,0 999,0 999
690,赤から 北千住店,居酒屋,https://tabelog.com/tokyo/A1324/A132402/13193492/,3.01, 2000 2999,- -
691,マルヤス酒場 北千住店,居酒屋,https://tabelog.com/tokyo/A1324/A132402/13254758/,3.01, 2000 2999,- -
692,モロゾフ 北千住マルイ店（Morozoff）,洋菓子,https://tabelog.com/tokyo/A1324/A132402/13166466/,3.01, 1000 1999, 1000 1999
693,日本ばし大増 北千住マルイ店,弁当,https://tabelog.com/tokyo/A1324/A132402/13133174/,3.01, 1000 1999,0 999
694,モンロワール 北千住マルイ店（Monloire）,チョコレート,https://tabelog.com/tokyo/A1324/A132402/13204359/,3.01, 1000 1999,- -
695,ユーハイム ルミネ北千住店,洋菓子,https://tabelog.com/tokyo/A1324/A132402/13192359/,3.01,0 999,- -
696,日本橋屋長兵衛 北千住マルイ店,和菓子,https://tabelog.com/tokyo/A1324/A132402/13117450/,3.01,- -,0 999
697,ペッパーランチ 千住ミルディス店（Pepper Lunch）,ステーキ,https://tabelog.com/tokyo/A1324/A132402/13250176/,3.01,- -,0 999
698,FLOプレステージュ 北千住丸井,ケーキ,https://tabelog.com/tokyo/A1324/A132402/13220762/,3.01,- -, 2000 2999
699,大戸屋 北千住きたテラス店,和食,https://tabelog.com/tokyo/A1324/A132402/13188071/,3.01,- -, 1000 1999
700,ちよだ鮨 北千住店,寿司,https://tabelog.com/tokyo/A1324/A132402/13172579/,3.01,- -,0 999
701,銀座コージーコーナー 北千住西口店,ケーキ,https://tabelog.com/tokyo/A1324/A132402/13132520/,3.01,0 999,0 999
702,好餃子 北千住マルイ店（【旧店名】ハオツー）,肉まん・中華まん,https://tabelog.com/tokyo/A1324/A132402/13136948/,3.01,0 999,0 999
703,アンデルセン ルミネ北千住店（ANDERSEN）,パン,https://tabelog.com/tokyo/A1324/A132402/13249763/,3.01,0 999, 1000 1999
704,沈菜館 北千住マルイ店（きむちかん）,韓国料理,https://tabelog.com/tokyo/A1324/A132402/13215046/,3.01,0 999,0 999
705,やなか珈琲店 ルミネ北千住店,コーヒー専門店,https://tabelog.com/tokyo/A1324/A132402/13185589/,3.01,0 999,- -
706,松屋 北千住東口店,牛丼,https://tabelog.com/tokyo/A1324/A132402/13199989/,3.01,- -,0 999
707,日本一 ルミネ北千住店,焼鳥,https://tabelog.com/tokyo/A1324/A132402/13171003/,3.01,- -,0 999
708,コロラド 北千住西口店,コーヒー専門店,https://tabelog.com/tokyo/A1324/A132402/13078732/,3.01,- -,0 999
709,松屋 牛田店,牛丼,https://tabelog.com/tokyo/A1324/A132402/13156384/,3.01,- -,0 999
710,三代目 鳥メロ 北千住東口店,居酒屋,https://tabelog.com/tokyo/A1324/A132402/13212266/,3.01, 2000 2999,- -
711,牛繁 北千住店,焼肉,https://tabelog.com/tokyo/A1324/A132402/13113947/,3.01,- -, 1000 1999
712,新宿 つな八 北千住デリカ店,天ぷら,https://tabelog.com/tokyo/A1324/A132402/13136009/,3.01,0 999,- -
713,小洞天 丸井北千住店,中華料理,https://tabelog.com/tokyo/A1324/A132402/13228704/,3.01, 1000 1999,- -
714,ゆうらいく（遊来区）,ラーメン,https://tabelog.com/tokyo/A1324/A132402/13110613/,3.01,- -,0 999
715,ブールミッシュ マルイ北千住店（BOUL'MICH）,洋菓子,https://tabelog.com/tokyo/A1324/A132402/13251751/,3.01, 1000 1999,- -
716,マクドナルド 北千住東口店,ハンバーガー,https://tabelog.com/tokyo/A1324/A132402/13254338/,3.01,- -,0 999
717,パステル ルミネ北千住店（pastel）,ケーキ,https://tabelog.com/tokyo/A1324/A132402/13254605/,3.01,0 999,0 999
718,ROCK鶏 北千住店,天ぷら・揚げ物,https://tabelog.com/tokyo/A1324/A132402/13254978/,3.01,- -, 1000 1999
719,ベジテリア 北千住マルイ店,ジュースバー,https://tabelog.com/tokyo/A1324/A132402/13212479/,3.01,0 999,0 999
720,おむすび紀行 北千住丸井店,おにぎり,https://tabelog.com/tokyo/A1324/A132402/13115564/,3.01,0 999,- -
721,さわみつ青果 ルミネ北千住店（澤光青果）,その他,https://tabelog.com/tokyo/A1324/A132402/13215654/,3.01,- -, 1000 1999
722,ガトー・ド・ボワイヤージュ 北千住店,洋菓子,https://tabelog.com/tokyo/A1324/A132402/13256973/,3.01,0 999,0 999
723,コンマティー エキア北千住店（comma tea）,スイーツ,https://tabelog.com/tokyo/A1324/A132402/13250691/,3.01,0 999,0 999
724,坂角総本舖 北千住マルイ店,せんべい,https://tabelog.com/tokyo/A1324/A132402/13237869/,3.01,- -,0 999
725,お惣菜のまつおか 北千住マルイ店,弁当,https://tabelog.com/tokyo/A1324/A132402/13239537/,3.01, 1000 1999,- -
726,鮒忠 柳原店（フナチュウ）,焼鳥,https://tabelog.com/tokyo/A1324/A132402/13169121/,3.01,- -,0 999
727,MFC企画　マジカル　ファンタジー（エムエフシーキカク マジカル ファンタジー）,バー・お酒,https://tabelog.com/tokyo/A1324/A132402/13157148/,3.01, 2000 2999,- -
728,銀座 に志かわ 北千住マルイ店,パン,https://tabelog.com/tokyo/A1324/A132402/13266279/,3.01,0 999,- -
729,九州人情酒場 魚星 北千住東口店,居酒屋,https://tabelog.com/tokyo/A1324/A132402/13268760/,3.01, 3000 3999,- -
730,メリーチョコレート 北千住マルイ店,チョコレート,https://tabelog.com/tokyo/A1324/A132402/13200280/,3.01,0 999,- -
731,セブンイレブン 北千住駅東口店（SEVEN ELEVEN）,その他,https://tabelog.com/tokyo/A1324/A132402/13248346/,3.01,- -,0 999
732,からあげ専門店 千ちゃん 北千住店,からあげ,https://tabelog.com/tokyo/A1324/A132402/13253611/,3.01,- -,0 999
733,ヨックモック  丸井北千住店（YOKUMOKU）,洋菓子,https://tabelog.com/tokyo/A1324/A132402/13191968/,3.01,0 999,- -
734,ナナカフェ 北千住店（Nana Cafe）,カフェ,https://tabelog.com/tokyo/A1324/A132402/13126976/,3.01,- -,0 999
735,No Name（ノーネイム）,居酒屋,https://tabelog.com/tokyo/A1324/A132402/13246778/,3.01, 2000 2999,- -
736,ギャレット ポップコーン ショップス  北千住マルイ店,スイーツ,https://tabelog.com/tokyo/A1324/A132402/13254092/,3.01,0 999, 3000 3999
737,ニューデイズミニ 北千住1号（NewDays）,その他,https://tabelog.com/tokyo/A1324/A132402/13254815/,3.01,0 999,- -
738,ルビー,喫茶店,https://tabelog.com/tokyo/A1324/A132402/13076337/,3.01,- -, 1000 1999
739,尾張松風屋 北千住マルイ店,和菓子,https://tabelog.com/tokyo/A1324/A132402/13253790/,3.01,0 999,- -
740,大和路,レストラン,https://tabelog.com/tokyo/A1324/A132402/13089355/,3.01, 4000 4999,- -
741,銀座 新之助貝新 北千住マルイ店,その他,https://tabelog.com/tokyo/A1324/A132402/13235632/,3.01, 1000 1999, 1000 1999
742,eashion 北千住マルイ店（イーション）,デリカテッセン,https://tabelog.com/tokyo/A1324/A132402/13259360/,3.01,0 999,- -
743,かほりYA,カレーライス,https://tabelog.com/tokyo/A1324/A132402/13137680/,3.01,- -,0 999
744,昭和サロン 小柳,バー・お酒,https://tabelog.com/tokyo/A1324/A132402/13252346/,3.01, 2000 2999,- -
745,ガスト 北千住駅東口店,ファミレス,https://tabelog.com/tokyo/A1324/A132402/13134223/,3,- -,0 999
746,居酒屋 それゆけ！鶏ヤロー！ 北千住店,居酒屋,https://tabelog.com/tokyo/A1324/A132402/13216678/,3, 2000 2999,- -
747,魚丼 北千住店（UODON）,海鮮丼,https://tabelog.com/tokyo/A1324/A132402/13224844/,3,0 999,- -
748,一〇八抹茶茶廊 ルミネ北千住店,カフェ,https://tabelog.com/tokyo/A1324/A132402/13262716/,3,0 999,- -
749,文明堂 北千住マルイ店,洋菓子,https://tabelog.com/tokyo/A1324/A132402/13125654/,3,- -,0 999
750,人生の暇潰し酒場 かつぺい,居酒屋,https://tabelog.com/tokyo/A1324/A132402/13270034/,3, 2000 2999, 2000 2999
751,タコとハイボール 北千住店,たこ焼き,https://tabelog.com/tokyo/A1324/A132402/13278713/,3, 1000 1999, 1000 1999
752,中島水産 北千住店,その他,https://tabelog.com/tokyo/A1324/A132402/13152789/,3,- -,0 999
753,菓匠清閑院 ルミネ北千住店,和菓子,https://tabelog.com/tokyo/A1324/A132402/13150102/,3,- -,0 999
754,東京風月堂 ルミネ北千住店（【旧店名】ル・クレール ブラン by東京風月堂）,洋菓子,https://tabelog.com/tokyo/A1324/A132402/13150094/,3,0 999,0 999
755,ねぎし 北千住マルイ店,牛タン,https://tabelog.com/tokyo/A1324/A132402/13278842/,3,- -, 1000 1999
756,ナンバーサーティーン,パン・サンドイッチ,https://tabelog.com/tokyo/A1324/A132402/13213266/,3,0 999,0 999
757,銀座あけぼの 北千住マルイ店,和菓子,https://tabelog.com/tokyo/A1324/A132402/13160238/,3,- -,0 999
758,りんごとバター。 ルミネ北千住店,ケーキ,https://tabelog.com/tokyo/A1324/A132402/13251396/,3,- -,0 999
759,Leche（メキシカンバーレチェ）,バー,https://tabelog.com/tokyo/A1324/A132402/13127365/,3, 1000 1999,- -
760,ファミリーマート 千住3丁目店,その他,https://tabelog.com/tokyo/A1324/A132402/13154562/,3,- -,0 999
761,ジャギ飯店,中華料理,https://tabelog.com/tokyo/A1324/A132402/13280556/,3, 2000 2999,- -
762,おそう菜のごっつり,弁当,https://tabelog.com/tokyo/A1324/A132402/13258898/,3,- -, 1000 1999
763,唐揚げ専門店 鶏男,からあげ,https://tabelog.com/tokyo/A1324/A132402/13261169/,3,- -,0 999
764,祇をん ににぎ 北千住マルイ店,和菓子,https://tabelog.com/tokyo/A1324/A132402/13251272/,3, 5000 5999,- -
765,フードショップ たなべ,弁当,https://tabelog.com/tokyo/A1324/A132402/13207602/,3,- -,0 999
766,北千住マルイ,その他,https://tabelog.com/tokyo/A1324/A132402/13198530/,3,- -,0 999
767,その,居酒屋,https://tabelog.com/tokyo/A1324/A132402/13074684/,3, 1000 1999,- -
768,ファミリーマート 千住あずま店（FamilyMart）,その他,https://tabelog.com/tokyo/A1324/A132402/13258998/,3,- -,- -
769,魚力 ルミネ北千住店,その他,https://tabelog.com/tokyo/A1324/A132402/13245900/,3, 1000 1999,- -
770,ファミリーマート 北千住駅東口店,その他,https://tabelog.com/tokyo/A1324/A132402/13222606/,3,0 999,- -
771,セブンイレブン 足立千住3丁目店,その他,https://tabelog.com/tokyo/A1324/A132402/13182835/,3,0 999,0 999
772,伊勢屋,甘味処,https://tabelog.com/tokyo/A1324/A132402/13123525/,3,- -,0 999
773,TRiP PORT 北千住マルイ店（トリップ ポート）,カフェ,https://tabelog.com/tokyo/A1324/A132402/13259989/,3,- -,0 999
774,Kelly,洋菓子,https://tabelog.com/tokyo/A1324/A132402/13250755/,3,0 999,- -
775,むさしや 旭町店,その他,https://tabelog.com/tokyo/A1324/A132402/13216394/,3,- -,0 999
776,寿司勝,寿司,https://tabelog.com/tokyo/A1324/A132402/13071434/,3, 3000 3999,- -
777,セブンイレブン 千住1丁目店,その他,https://tabelog.com/tokyo/A1324/A132402/13154453/,3,- -,0 999
778,ベルプラージュ マルイ北千住店（Belle Plage）,チョコレート,https://tabelog.com/tokyo/A1324/A132402/13253480/,3,0 999,- -
779,侍BAR岡ちゃん,居酒屋,https://tabelog.com/tokyo/A1324/A132402/13255796/,3, 1000 1999,- -
780,八古屋（858）,立ち飲み居酒屋・バー,https://tabelog.com/tokyo/A1324/A132402/13273781/,3,- -, 1000 1999
781,SUNNY BAKERY 北千住店（サニーベーカリー）,パン,https://tabelog.com/tokyo/A1324/A132402/13275311/,3,- -,0 999
782,赤坂柿山 ルミネ北千住店,せんべい,https://tabelog.com/tokyo/A1324/A132402/13238810/,3,- -,0 999
783,ナチュラルハウス 北千住丸井店,自然食,https://tabelog.com/tokyo/A1324/A132402/13178649/,3,0 999,- -
784,おかしのまちおか 北千住店,その他,https://tabelog.com/tokyo/A1324/A132402/13261449/,3,- -,0 999
785,快活CLUB 北千住駅西口店,その他,https://tabelog.com/tokyo/A1324/A132402/13249557/,3,- -, 1000 1999
786,京樽・スシロー・重吉 北千住店,寿司,https://tabelog.com/tokyo/A1324/A132402/13275591/,3,- -,0 999
787,京都 宇治 式部郷 北千住マルイ店（京都・宇治 式部郷）,せんべい,https://tabelog.com/tokyo/A1324/A132402/13240386/,3,0 999,- -
788,閑茶坊 北千住店（カンチャボウ）,スイーツ,https://tabelog.com/tokyo/A1324/A132402/13243530/,3,0 999,0 999
789,新家園（シンヤエン）,日本茶専門店,https://tabelog.com/tokyo/A1324/A132402/13206715/,3,- -,0 999
790,登運勝 喜多八,とんかつ,https://tabelog.com/tokyo/A1324/A132402/13115623/,3,- -,0 999
791,ほっともっと 千住1丁目店（HottoMotto）,弁当,https://tabelog.com/tokyo/A1324/A132402/13147975/,3,- -,0 999
792,ねこねこチーズケーキ ルミネ北千住店（NEKO NEKO CHEESECAKE）,ケーキ,https://tabelog.com/tokyo/A1324/A132402/13260067/,3,0 999,- -
793,京都・六角 蕪村菴 北千住マルイ店,せんべい,https://tabelog.com/tokyo/A1324/A132402/13263298/,3,- -,0 999
794,Tom's Cafe（トムズ カフェ）,カフェ,https://tabelog.com/tokyo/A1324/A132402/13271998/,3, 3000 3999, 1000 1999
795,光洋,弁当,https://tabelog.com/tokyo/A1324/A132402/13277110/,3,- -,0 999
796,スリーズ パスタ スナック ルミネ北千住店（THREE'S PASTA SNACK）,その他,https://tabelog.com/tokyo/A1324/A132402/13240384/,3,0 999,- -
797,セレクトギャラリー＆バー バク（select gallery&bar baku）,バー,https://tabelog.com/tokyo/A1324/A132402/13234351/,3, 1000 1999,- -
798,a mano 北千住店（ア・マーノ）,デリカテッセン,https://tabelog.com/tokyo/A1324/A132402/13166465/,3,0 999,- -
799,肉焼食堂 鉄川板蔵 北千住店,鉄板焼き,https://tabelog.com/tokyo/A1324/A132402/13129670/,3, 2000 2999,- -
800,惣菜の店 ごとう,弁当,https://tabelog.com/tokyo/A1324/A132402/13254383/,3,- -,0 999
801,杉養蜂園 北千住マルイ店,ソフトクリーム,https://tabelog.com/tokyo/A1324/A132402/13268066/,3,- -,0 999
802,Marie's _glutenfree_lab（マリーズ グルテンフリー ラボ）,パン,https://tabelog.com/tokyo/A1324/A132402/13269263/,3,- -,0 999
803,千寿Bean's,スープ,https://tabelog.com/tokyo/A1324/A132402/13271855/,3,- -,0 999
804,大阪焼肉・ホルモン ふたご 北千住マルイ店,弁当,https://tabelog.com/tokyo/A1324/A132402/13276565/,3,0 999,- -
805,カラオケルーム 歌広場 北千住西口駅前店,その他,https://tabelog.com/tokyo/A1324/A132402/13239698/,3, 2000 2999,- -
806,がんこ職人 北千住マルイ店,せんべい,https://tabelog.com/tokyo/A1324/A132402/13240385/,3,0 999,- -
807,伍えん,居酒屋,https://tabelog.com/tokyo/A1324/A132402/13278935/,3, 3000 3999,- -
808,チアーズインターナショナルショットバー（cheers international shot bar）,バー,https://tabelog.com/tokyo/A1324/A132402/13126342/,-,- -,- -
809,ヨークフーズ 千住店（YORK FOODS）,その他,https://tabelog.com/tokyo/A1324/A132402/13254968/,-,- -,- -
810,ファミリーマート TX北千住駅店（FamilyMart）,その他,https://tabelog.com/tokyo/A1324/A132402/13238522/,-,- -,- -
811,セブンイレブン 北千住駅西口店,その他,https://tabelog.com/tokyo/A1324/A132402/13203441/,-,- -,- -
812,東武ストア 北千住店（TOBU STORE）,その他,https://tabelog.com/tokyo/A1324/A132402/13259001/,-,- -,- -
813,桝屋商店,コロッケ・フライ,https://tabelog.com/tokyo/A1324/A132402/13186933/,-,- -,- -
814,ピザーラ 北千住店,その他,https://tabelog.com/tokyo/A1324/A132402/13142213/,-, 2000 2999,- -
815,ブックカフェ センジュプレイス（book cafe SENJU PLACE）,カフェ・喫茶,https://tabelog.com/tokyo/A1324/A132402/13196406/,-,- -,- -
816,ファミリーマート 北千住駅西口店（FamilyMart）,その他,https://tabelog.com/tokyo/A1324/A132402/13253889/,-,- -,- -
817,ファミリーマート エキア北千住店（FamilyMart）,その他,https://tabelog.com/tokyo/A1324/A132402/13254858/,-,- -,- -
818,もんじゃ焼き たぬき,お好み焼き,https://tabelog.com/tokyo/A1324/A132402/13224634/,-, 1000 1999,- -
819,田口鳥肉店,焼鳥,https://tabelog.com/tokyo/A1324/A132402/13169122/,-,- -,- -
820,ファミリーマート 千住警察署前店（FamilyMart）,その他,https://tabelog.com/tokyo/A1324/A132402/13264255/,-,- -,- -
821,東京からあげ専門店 あげたて 北千住店,からあげ,https://tabelog.com/tokyo/A1324/A132402/13266049/,-,- -,- -
822,花,バー・お酒,https://tabelog.com/tokyo/A1324/A132402/13253872/,-,- -,- -
823,楽花生,居酒屋,https://tabelog.com/tokyo/A1324/A132402/13224989/,-, 3000 3999,- -
824,UP 北千住店（アップ）,バー・お酒,https://tabelog.com/tokyo/A1324/A132402/13209557/,-,- -,- -
825,セブンイレブン 千住旭町店,その他,https://tabelog.com/tokyo/A1324/A132402/13211996/,-,0 999,0 999
826,焼肉じゅあん,焼肉,https://tabelog.com/tokyo/A1324/A132402/13066808/,-, 3000 3999,- -
827,大東園,焼肉,https://tabelog.com/tokyo/A1324/A132402/13089353/,-, 4000 4999,- -
828,ランチェリー,バー・お酒,https://tabelog.com/tokyo/A1324/A132402/13101188/,-, 6000 7999,- -
829,カラオケ館 北千住駅前店,その他,https://tabelog.com/tokyo/A1324/A132402/13147718/,-,0 999,- -
830,BOWWOW316（バウワウサンイチロク）,その他,https://tabelog.com/tokyo/A1324/A132402/13267820/,-,- -,- -
831,ファミリーマート 北千住駅ホーム店（FamilyMart）,その他,https://tabelog.com/tokyo/A1324/A132402/13269641/,-,- -,- -
832,ヴィノスやまざき（Vinos Yamazaki）,その他,https://tabelog.com/tokyo/A1324/A132402/13243805/,-, 2000 2999, 2000 2999
833,和ダイニング　えん,定食・食堂,https://tabelog.com/tokyo/A1324/A132402/13280216/,-, 1000 1999,0 999
834,大川水産 ルミネ北千住店,その他,https://tabelog.com/tokyo/A1324/A132402/13280858/,-,- -, 1000 1999
835,アズユーライク,スイーツ,https://tabelog.com/tokyo/A1324/A132402/13213323/,-,- -,- -
836,アールセブン（R7）,バー,https://tabelog.com/tokyo/A1324/A132402/13158609/,-,- -,- -
837,炭火焼肉・ホルモン　鐡匠総本店（テツショウソウホンテン）,ホルモン,https://tabelog.com/tokyo/A1324/A132402/13058835/,-,- -,- -
838,NEW来来（ニューライライ）,焼鳥,https://tabelog.com/tokyo/A1324/A132402/13063680/,-, 1000 1999,- -
839,まつおか,懐石・会席料理,https://tabelog.com/tokyo/A1324/A132402/13069416/,-,- -,- -
840,禰子,居酒屋,https://tabelog.com/tokyo/A1324/A132402/13075449/,-,- -,- -
841,直,居酒屋,https://tabelog.com/tokyo/A1324/A132402/13077078/,-, 10000 14999,- -
842,ほり川,居酒屋,https://tabelog.com/tokyo/A1324/A132402/13084527/,-, 4000 4999,- -
843,綱手,寿司,https://tabelog.com/tokyo/A1324/A132402/13092582/,-, 2000 2999,- -
844,爛漫屋,居酒屋,https://tabelog.com/tokyo/A1324/A132402/13113477/,-,- -,- -
845,三川居酒屋,居酒屋,https://tabelog.com/tokyo/A1324/A132402/13125126/,-,- -,- -
846,蔵,居酒屋,https://tabelog.com/tokyo/A1324/A132402/13150329/,-,- -,- -
847,フォリクラッセ ケータリング（Fuoriclasse Catering）,弁当,https://tabelog.com/tokyo/A1324/A132402/13246929/,-,- -,- -
848,カラオケ ビッグエコー 北千住本店（BIG ECHO）,その他,https://tabelog.com/tokyo/A1324/A132402/13250139/,-,- -,- -
849,Cafe&Bar NEO（カフェ&バー ネオ）,バー,https://tabelog.com/tokyo/A1324/A132402/13275585/,-,- -,- -
850,セブンイレブン 足立日ノ出町店（SEVEN ELEVEN）,その他,https://tabelog.com/tokyo/A1324/A132402/13232223/,-, 1000 1999,0 999
851,ワインショップ かき沼 北千住店,その他,https://tabelog.com/tokyo/A1324/A132402/13280010/,-,- -,- -
852,ロールズオンファースト,寿司,https://tabelog.com/tokyo/A1324/A132402/13213267/,-, 1000 1999,- -
853,ビックエコー 北千住駅前,その他,https://tabelog.com/tokyo/A1324/A132402/13218631/,-,- -,- -
854,ミニストップ 北千住店,その他,https://tabelog.com/tokyo/A1324/A132402/13218904/,-,- -,- -
855,ダーツバー アルバ（Darts Bar ALBA）,レストラン,https://tabelog.com/tokyo/A1324/A132402/13187317/,-,- -,- -
856,ぎゃらん,焼鳥,https://tabelog.com/tokyo/A1324/A132402/13063834/,-, 3000 3999,- -
857,こんちやん,焼鳥,https://tabelog.com/tokyo/A1324/A132402/13063882/,-, 2000 2999,- -
858,居酒屋ちゃこ,焼鳥,https://tabelog.com/tokyo/A1324/A132402/13064842/,-, 1000 1999,- -
859,喜月,そば,https://tabelog.com/tokyo/A1324/A132402/13067665/,-,- -,- -
860,てる鮨,寿司,https://tabelog.com/tokyo/A1324/A132402/13070446/,-, 8000 9999,- -
861,三恵,居酒屋,https://tabelog.com/tokyo/A1324/A132402/13075240/,-, 5000 5999,- -
862,清子田舎料理,居酒屋,https://tabelog.com/tokyo/A1324/A132402/13075324/,-,- -,- -
863,太郎丸 北千住店（たろうまる）,居酒屋,https://tabelog.com/tokyo/A1324/A132402/13075711/,-, 5000 5999,- -
864,ゆたか,居酒屋,https://tabelog.com/tokyo/A1324/A132402/13084522/,-, 3000 3999,- -
865,カラオケ　アイランド,その他,https://tabelog.com/tokyo/A1324/A132402/13094965/,-,- -,- -
866,鳥キチ,焼鳥,https://tabelog.com/tokyo/A1324/A132402/13096450/,-,- -,- -
867,マシッソヨ! 北千住店,韓国料理,https://tabelog.com/tokyo/A1324/A132402/13265386/,-,- -,- -
868,ネギトロ一本勝負 北千住店,海鮮丼,https://tabelog.com/tokyo/A1324/A132402/13270606/,-,- -,- -
869,ダイニング YOU（ユー）,バー,https://tabelog.com/tokyo/A1324/A132402/13271473/,-,- -,- -
870,BAR JUNK（バー ジャンク）,バー,https://tabelog.com/tokyo/A1324/A132402/13275526/,-,- -,- -
871,博多もつ鍋やまや 北千住店,居酒屋,https://tabelog.com/tokyo/A1324/A132402/13280146/,-,- -,- -
872,ファントエス 北千住マルイ店,カフェ,https://tabelog.com/tokyo/A1324/A132402/13281088/,-,- -,- -
873,お茶の子菜々（おちゃのこさいさい）,居酒屋,https://tabelog.com/tokyo/A1324/A132402/13037174/,-,- -,- -
874,サプリエ 北千住店,自然食,https://tabelog.com/tokyo/A1324/A132402/13178651/,-,0 999,- -
875,せさみ,和食,https://tabelog.com/tokyo/A1324/A132402/13179251/,-,- -,- -
876,カラオケファンタジー 北千住サンロード店,その他,https://tabelog.com/tokyo/A1324/A132402/13160078/,-, 2000 2999,- -
877,縁むすび。,串揚げ・串かつ,https://tabelog.com/tokyo/A1324/A132402/13052114/,-,- -,- -
878,浦里,懐石・会席料理,https://tabelog.com/tokyo/A1324/A132402/13069520/,-,- -,- -
879,協和,懐石・会席料理,https://tabelog.com/tokyo/A1324/A132402/13069637/,-,- -,- -
880,いずみ,居酒屋,https://tabelog.com/tokyo/A1324/A132402/13074509/,-, 3000 3999,- -
881,大奥,居酒屋,https://tabelog.com/tokyo/A1324/A132402/13075364/,-,- -,- -
882,千曲,居酒屋,https://tabelog.com/tokyo/A1324/A132402/13084526/,-,- -,- -
883,らくや,居酒屋,https://tabelog.com/tokyo/A1324/A132402/13105655/,-, 3000 3999,- -
884,Senju Tori Class（センジュ トリ クラス）,韓国料理,https://tabelog.com/tokyo/A1324/A132402/13268285/,-,- -,- -
885,Bar 888garden（トリプルエイトガーデン）,バー,https://tabelog.com/tokyo/A1324/A132402/13269623/,-,- -,- -
886,AWAYA（アワヤ）,ダイニングバー,https://tabelog.com/tokyo/A1324/A132402/13273151/,-,- -,- -
887,belle foret（ベルフォレ）,ワインバー,https://tabelog.com/tokyo/A1324/A132402/13274759/,-, 8000 9999,- -
888,Hide And Shisha（ハイド アンド シーシャ）,カフェ,https://tabelog.com/tokyo/A1324/A132402/13276388/,-,- -,- -
889,ローソン 北千住駅西口店（LAWSON）,その他,https://tabelog.com/tokyo/A1324/A132402/13278236/,-,- -,- -
890,和がまま,居酒屋,https://tabelog.com/tokyo/A1324/A132402/13238702/,-,- -,- -
891,ガールズカフェ＆バー サニー（Girls Cafe ＆ Bar Sunny）,その他,https://tabelog.com/tokyo/A1324/A132402/13232003/,-, 3000 3999,- -
892,大衆酒場 ちばチャン 北千住店,居酒屋,https://tabelog.com/tokyo/A1324/A132402/13279691/,-,- -,- -
893,千住 かどのいざか屋,居酒屋,https://tabelog.com/tokyo/A1324/A132402/13280966/,-,- -,- -
894,潤茶屋,カフェ,https://tabelog.com/tokyo/A1324/A132402/13122209/,-, 1000 1999, 1000 1999
